node_id,xgb_pred,xgb_prob
2,0,0.001292042
6,0,0.17917778
8,0,0.21377164
9,0,0.21377164
15,1,0.9422606
21,1,0.9245969
23,0,0.1559893
37,0,0.006168662
43,1,0.99818134
49,1,0.6765279
64,0,0.08635212
84,0,0.09263977
90,0,0.00028880764
109,0,0.0006016045
114,0,0.043436445
115,0,0.0007072837
122,1,0.68761206
134,1,0.62050146
140,1,0.88523567
146,0,0.001292042
149,0,0.027254255
150,0,0.000717897
158,0,0.14912878
171,0,0.08635212
181,1,0.64668024
185,1,0.64668024
186,0,0.48230764
189,1,0.9959758
190,0,0.09263977
191,0,0.014854024
197,0,0.00401948
208,0,0.014885765
212,1,0.6460991
214,0,0.3723969
215,0,0.17483063
220,1,0.92969567
238,1,0.9466407
244,0,0.0015087583
255,1,0.8677458
260,1,0.9217335
277,1,0.97077966
293,1,0.9078705
294,0,0.08413091
303,0,0.081451304
317,1,0.5985518
319,0,0.032460485
323,1,0.8915731
330,0,0.00401948
335,0,0.08053973
337,1,0.73145926
338,0,0.00401948
340,1,0.9064716
343,0,0.011286536
348,0,0.12157572
351,0,0.40416613
358,0,0.00401948
361,0,0.33292124
370,1,0.63004625
373,0,0.41848922
374,0,0.41848922
381,1,0.9956131
388,0,0.08413091
392,1,0.62050146
399,0,0.018168548
403,1,0.86077935
411,1,0.513293
413,0,0.34048003
423,1,0.9654862
429,0,0.00401948
438,1,0.8130394
439,0,0.00401948
443,0,0.2202399
460,0,0.00401948
461,0,0.00401948
468,0,0.00401948
470,0,0.013806521
478,0,0.00401948
485,0,0.00401948
499,0,0.09054373
502,0,0.34555468
512,1,0.77484065
517,0,0.004038801
528,0,0.12371121
529,0,0.29653874
559,0,0.13632664
560,0,0.13632664
572,0,0.13632664
578,0,0.13632664
584,0,0.13632664
585,0,0.13632664
606,0,0.13632664
611,0,0.10221116
612,0,0.10221116
624,0,0.13632664
626,0,0.10221116
639,0,0.06851771
643,0,0.080395445
656,0,0.10247139
661,0,0.13632664
668,0,0.20157176
678,0,0.13632664
686,0,0.20157176
725,0,0.13632664
735,0,0.13632664
742,0,0.07357488
744,0,0.20157176
747,1,0.6902922
757,0,0.13632664
763,0,0.20157176
775,0,0.28053746
789,0,0.20042934
795,1,0.513293
804,0,0.18028696
813,1,0.7693332
814,0,0.42710462
816,0,0.38953862
818,1,0.6765279
821,0,0.41060156
823,1,0.5404845
830,1,0.9217335
854,0,0.41060156
855,1,0.6429929
856,1,0.993859
870,1,0.6429929
887,1,0.85786116
897,0,0.15686111
902,0,0.14825708
905,0,0.0054907613
909,0,0.17195734
928,0,0.15287846
935,1,0.99455947
938,1,0.892918
940,0,0.25881273
942,1,0.9283238
944,1,0.71321505
963,0,0.09816595
964,0,0.20825118
968,1,0.64668024
983,0,0.16152364
987,0,0.067167625
991,0,0.14516024
992,0,0.48230764
994,1,0.9654862
999,1,0.62050146
1004,1,0.9740252
1029,1,0.9407209
1033,0,0.010598978
1035,1,0.7098546
1037,1,0.8827215
1038,1,0.6765279
1041,0,0.34555468
1057,1,0.5104465
1068,0,0.010079947
1074,1,0.7693332
1075,1,0.95820886
1079,1,0.7098546
1084,1,0.51283234
1088,0,0.1378233
1104,0,0.051661853
1117,1,0.74113595
1132,1,0.92068464
1155,1,0.9147773
1161,0,0.48230764
1165,1,0.863008
1167,1,0.95772195
1172,0,0.48230764
1178,0,0.06342056
1179,0,0.0007072837
1183,1,0.76199996
1187,1,0.9279216
1198,1,0.9232427
1218,0,0.011512587
1235,1,0.97077966
1249,1,0.61384255
1250,1,0.7693332
1253,0,0.38045526
1257,1,0.6476024
1258,1,0.9700649
1269,1,0.77623796
1275,1,0.8509089
1278,1,0.8209191
1280,1,0.9654862
1294,0,0.027003255
1295,0,0.15686111
1297,0,0.24451159
1301,0,0.15686111
1303,0,0.4353813
1318,1,0.8130394
1335,1,0.5404845
1350,0,0.153388
1354,1,0.64668024
1357,1,0.7032472
1365,0,0.048857603
1368,0,0.0003140476
1371,0,0.3614136
1374,1,0.80435234
1379,1,0.807894
1382,1,0.513293
1397,1,0.9422606
1406,1,0.682338
1408,0,0.48230764
1412,1,0.7693332
1413,1,0.8697605
1418,0,6.3062515e-05
1420,1,0.8915731
1422,1,0.9700649
1429,1,0.9074844
1440,1,0.64668024
1447,1,0.6429929
1458,1,0.8509089
1476,1,0.513293
1481,1,0.85024214
1487,1,0.7310094
1499,0,0.4353813
1501,1,0.50148714
1508,1,0.77484065
1519,1,0.61384255
1523,1,0.7814087
1536,1,0.71321505
1544,1,0.513293
1556,1,0.62050146
1557,1,0.9206409
1561,1,0.94840896
1566,0,0.0049730637
1579,0,0.20825118
1580,1,0.97077966
1596,1,0.5985518
1616,0,0.4621929
1619,1,0.83081174
1626,0,0.0053759227
1656,0,0.052843962
1657,1,0.6765279
1666,1,0.871315
1671,1,0.98302263
1674,1,0.774727
1680,1,0.59554344
1686,1,0.74113595
1696,1,0.8882345
1712,1,0.55694306
1716,1,0.7273977
1723,0,0.12890089
1726,1,0.7052158
1727,0,0.4353813
1732,0,0.15686111
1739,1,0.50148714
1742,1,0.957275
1744,0,0.003916194
1746,0,0.20558158
1750,0,0.15686281
1752,0,0.23666826
1758,0,0.13307425
1762,1,0.75760955
1766,0,0.017482067
1767,1,0.53473985
1772,1,0.6031867
1773,1,0.8795305
1776,1,0.8209191
1783,1,0.85024214
1790,1,0.61384255
1795,0,0.031241218
1804,1,0.6429929
1806,1,0.5104465
1826,1,0.5404845
1835,1,0.74166435
1840,1,0.59938616
1850,0,0.31435594
1851,1,0.62050146
1853,1,0.71321505
1856,0,0.4064463
1862,1,0.8081897
1868,1,0.87429404
1879,0,0.010600648
1884,1,0.95857775
1894,1,0.59938616
1906,1,0.7693332
1910,1,0.65773493
1919,0,0.2223128
1929,0,0.0056804614
1931,0,0.005588091
1936,1,0.65773493
1942,0,0.20450243
1945,0,0.056089185
1950,0,0.032195587
1971,0,0.067167625
1975,0,0.35716093
1978,0,0.28899437
1989,0,0.032192927
1993,0,0.20450243
1997,1,0.5985518
1998,0,0.100507006
2009,0,0.10247139
2010,0,0.35721076
2033,0,0.0381786
2039,0,0.17698142
2043,0,0.015345781
2045,0,0.23666826
2051,0,0.31435594
2065,0,0.15686281
2070,1,0.7052158
2072,0,0.100507006
2079,0,0.20450243
2081,0,0.41209227
2092,0,0.0016912887
2101,1,0.69316554
2102,1,0.61384255
2103,0,0.10247139
2112,0,0.0069413134
2123,0,0.10247139
2132,0,0.20450243
2141,0,0.10134671
2150,0,0.019684164
2155,0,0.0074039395
2159,0,0.12371121
2162,0,0.12371121
2167,0,0.28614682
2172,0,0.10134671
2178,0,0.4621929
2181,0,0.03337554
2183,0,0.0009987092
2185,0,0.10339355
2227,1,0.63383985
2234,1,0.82850426
2263,0,0.058932323
2273,0,0.25305086
2282,0,0.20450243
2284,0,0.34555468
2292,1,0.59938616
2302,0,0.44400695
2333,1,0.84975064
2346,1,0.5184938
2350,0,0.025929198
2357,0,0.23666826
2374,1,0.79888576
2375,1,0.62050146
2376,0,0.008867109
2392,1,0.957275
2393,1,0.6476024
2397,1,0.7273977
2404,0,0.10247139
2406,1,0.99455947
2413,1,0.75760955
2418,1,0.9641012
2420,1,0.8539713
2430,0,0.22805397
2437,1,0.83081174
2438,1,0.7693332
2440,1,0.6189023
2441,1,0.7098546
2447,1,0.9518232
2457,1,0.5404845
2466,0,0.46078143
2473,0,0.038603667
2479,1,0.7693332
2480,1,0.59938616
2485,1,0.7693332
2488,1,0.7763963
2489,1,0.6725848
2495,0,0.48230764
2503,1,0.77484065
2507,1,0.5404845
2508,1,0.6765279
2509,1,0.892918
2510,1,0.64668024
2513,1,0.774727
2518,1,0.6545203
2530,1,0.8509089
2532,1,0.85786116
2538,1,0.9022627
2539,1,0.7693332
2547,1,0.7098546
2551,1,0.65099984
2560,1,0.7693332
2562,1,0.64054275
2565,1,0.9964281
2573,1,0.8827215
2584,0,0.001466802
2586,0,0.0022353812
2589,1,0.513293
2597,1,0.7310094
2600,1,0.53473985
2610,1,0.5985518
2611,1,0.71321505
2614,0,0.28973046
2620,1,0.9407209
2623,0,0.093182616
2636,0,0.153388
2637,0,0.153388
2652,0,0.005195353
2662,0,0.100507006
2666,0,0.008619418
2670,0,6.202807e-05
2672,1,0.65665084
2685,0,0.21377164
2688,0,0.15287846
2700,1,0.9133095
2713,1,0.9700649
2720,1,0.9870006
2726,1,0.92068464
2727,1,0.7693332
2734,1,0.5339266
2746,1,0.7098546
2751,1,0.5317522
2757,0,0.21631843
2763,1,0.774727
2766,1,0.9499578
2771,0,0.011286536
2772,0,0.030163921
2782,0,0.0025493552
2784,1,0.50148714
2788,0,0.4353813
2809,1,0.7803099
2814,1,0.871315
2816,1,0.62203664
2818,1,0.892918
2819,1,0.7693332
2824,0,0.4164737
2825,0,0.07632533
2829,0,0.1201585
2836,1,0.5168337
2838,0,0.0056804614
2840,0,0.10134671
2841,0,0.0060754693
2848,1,0.5496624
2849,0,0.00077246275
2873,1,0.71321505
2874,0,0.17698142
2879,1,0.9964281
2915,1,0.6429929
2919,1,0.8209191
2927,0,0.1394549
2942,1,0.9654862
2952,1,0.67683256
2955,0,0.4629079
2957,0,0.20450243
2958,0,0.41848922
2978,1,0.55694306
2980,1,0.807894
2991,1,0.82513577
3003,1,0.7310094
3005,1,0.64668024
3010,0,0.009194467
3016,1,0.7310094
3036,0,0.13615642
3040,0,0.19939286
3044,1,0.65665084
3046,1,0.74953926
3055,1,0.7801425
3060,1,0.6176861
3065,0,0.16152364
3068,1,0.69316554
3070,0,0.14912878
3071,1,0.6765279
3084,1,0.75760955
3086,1,0.5150682
3087,0,0.014419912
3099,1,0.5150682
3102,0,0.4629079
3110,1,0.5150682
3122,1,0.9245969
3130,1,0.5104465
3132,1,0.513293
3138,1,0.95455617
3139,0,0.14825708
3159,1,0.9644801
3166,0,0.40258774
3168,1,0.513293
3190,1,0.79888576
3194,1,0.95455617
3198,1,0.513293
3205,1,0.85024214
3207,1,0.5404845
3209,1,0.9649196
3218,1,0.7310094
3223,1,0.95455617
3255,1,0.9245969
3256,1,0.8081897
3263,1,0.9245969
3276,1,0.9217335
3283,1,0.75073904
3288,1,0.9700649
3291,0,0.22392659
3293,0,0.21377164
3328,1,0.79232293
3329,1,0.921928
3331,0,0.29653874
3345,1,0.74113595
3349,0,0.34555468
3362,1,0.99377775
3365,1,0.9518232
3370,0,0.15287846
3382,0,0.25994152
3383,0,0.00109265
3390,1,0.5635537
3396,1,0.88523567
3406,0,0.4621929
3413,1,0.9654862
3416,1,0.64668024
3417,1,0.83081174
3424,1,0.64668024
3434,1,0.6624135
3442,0,0.04844609
3444,1,0.67683256
3451,0,0.340224
3456,0,0.15686111
3468,0,0.15287846
3476,1,0.65665084
3478,1,0.9900475
3484,1,0.9247653
3495,1,0.921928
3501,1,0.79888576
3517,0,0.20157176
3527,1,0.9147773
3536,0,0.16398431
3538,0,0.014419912
3542,1,0.72666115
3544,1,0.74964285
3570,1,0.9518232
3571,0,0.38953862
3572,1,0.6429929
3583,0,0.38155794
3588,1,0.892918
3596,1,0.61384255
3598,1,0.75073904
3605,0,0.14191861
3606,0,0.39420086
3609,0,0.31435594
3612,1,0.9654862
3630,1,0.5104465
3642,1,0.734835
3650,1,0.82846
3658,1,0.513293
3662,1,0.513293
3668,1,0.7790029
3672,1,0.92590106
3674,1,0.7310094
3679,1,0.8655654
3690,1,0.6765279
3695,1,0.6429929
3700,1,0.6429929
3703,0,0.40416613
3709,1,0.82513577
3712,1,0.59554344
3713,1,0.8099619
3715,0,0.09459537
3716,1,0.734835
3718,0,0.0074384557
3729,1,0.85786116
3742,1,0.9232427
3772,0,0.4353813
3774,0,0.011853405
3779,0,0.0019773883
3789,0,0.0007723049
3794,1,0.91438794
3798,0,0.2470866
3803,0,0.3730038
3805,0,0.44428894
3811,1,0.92969567
3813,1,0.8099619
3822,0,0.47923526
3824,0,0.44428894
3827,1,0.8539713
3828,1,0.734835
3838,1,0.682338
3843,1,0.513293
3844,1,0.71321505
3847,0,0.035894275
3848,1,0.6765279
3852,1,0.892918
3855,1,0.62050146
3857,0,0.17698142
3858,0,0.12371121
3868,1,0.71723723
3870,1,0.87437934
3874,0,0.0007227389
3877,0,0.48230764
3878,0,0.011512587
3884,0,0.010079947
3897,1,0.8209191
3903,1,0.957275
3918,1,0.6765279
3930,1,0.95857775
3931,1,0.5404845
3939,1,0.8191733
3942,1,0.8210049
3946,0,0.22958139
3957,0,0.23666826
3960,0,0.2991077
3971,1,0.9740252
3979,0,0.14825708
3996,1,0.513293
3997,1,0.79232293
4004,1,0.82513577
4005,1,0.8539713
4013,1,0.9570909
4020,0,0.2223128
4026,1,0.892918
4040,1,0.7310094
4045,0,0.3704947
4047,1,0.933888
4048,1,0.7693332
4049,1,0.7310094
4060,1,0.7693332
4067,1,0.513293
4073,1,0.55694306
4081,1,0.9147773
4082,1,0.513293
4084,1,0.7310094
4090,1,0.513293
4096,1,0.9700649
4104,0,0.00012937126
4108,1,0.8081897
4110,0,0.1303274
4115,1,0.6429929
4129,1,0.9700649
4132,1,0.513293
4139,0,0.064570256
4151,0,0.26827112
4153,1,0.97077966
4155,1,0.8300222
4156,1,0.80435234
4159,1,0.513293
4161,0,0.17698142
4163,1,0.9518232
4173,1,0.85024214
4179,1,0.7310094
4186,1,0.672504
4192,1,0.9654862
4214,1,0.8509089
4219,1,0.8209191
4226,0,0.10247139
4233,1,0.957275
4245,1,0.9217335
4248,0,0.47690922
4249,1,0.774727
4251,0,0.0074384557
4257,1,0.97077966
4269,1,0.8081897
4278,0,0.096699834
4286,0,0.011755918
4298,0,0.15686281
4305,0,0.33944726
4322,1,0.682338
4324,0,0.007971043
4344,1,0.9956131
4359,0,0.28614682
4366,1,0.62050146
4367,1,0.7693332
4370,1,0.5104465
4372,1,0.7801425
4387,0,0.2223128
4392,1,0.682338
4398,0,0.19886108
4403,1,0.76199996
4426,1,0.5985518
4433,1,0.8081897
4438,0,0.42710462
4440,1,0.88640237
4453,0,0.20042934
4458,1,0.68761206
4460,1,0.7693332
4467,1,0.933888
4471,1,0.8081897
4477,1,0.5404845
4481,1,0.5404845
4507,0,0.010079947
4511,0,0.231305
4518,0,0.22392659
4520,1,0.82513577
4523,0,0.41060156
4527,1,0.62050146
4550,0,0.000662531
4559,1,0.9232427
4581,0,0.153388
4583,1,0.80435234
4594,0,0.20157176
4599,1,0.79454386
4604,1,0.5310115
4622,0,0.22958139
4623,1,0.61384255
4633,1,0.9870006
4643,1,0.5167523
4646,0,0.15686281
4656,0,0.15287846
4657,0,0.014419912
4659,0,0.2223128
4667,0,0.00019062914
4691,0,0.22392659
4692,0,0.16152364
4703,0,0.14191861
4725,0,0.006954575
4733,0,0.001466802
4735,0,0.07782943
4756,0,0.10247139
4763,0,0.015345781
4771,0,0.4064463
4774,0,0.06839751
4791,0,0.17698142
4797,1,0.74533945
4800,0,0.4064463
4801,0,0.35721076
4802,0,0.16152364
4807,0,0.20157176
4828,0,0.20157176
4839,0,0.0056804614
4841,0,0.17698142
4848,0,0.153388
4869,1,0.5985518
4873,0,0.15686281
4881,0,0.34928876
4898,0,0.100507006
4906,0,0.08313175
4913,0,0.06851771
4920,0,0.06851771
4949,0,0.17321314
4950,1,0.7098546
4958,1,0.6765279
4959,0,0.26827112
4973,0,0.04844609
4974,0,0.10253947
4983,1,0.9569828
4986,1,0.62050146
4992,0,0.008619418
4995,1,0.9700649
4996,1,0.59554344
4997,0,0.15423255
4998,1,0.50128746
5000,1,0.5806621
5012,0,0.4615326
5023,0,0.48230764
5029,1,0.9232427
5033,0,0.20558158
5036,0,0.06975855
5037,0,0.008619418
5041,1,0.62203664
5042,1,0.5404845
5057,0,0.15287846
5062,0,0.10339355
5071,1,0.92071635
5076,1,0.8827215
5080,0,0.08413091
5082,1,0.9422606
5086,1,0.7790029
5110,0,0.17698142
5119,1,0.513293
5122,0,0.14912878
5123,1,0.8300222
5127,1,0.6778848
5130,1,0.9654862
5133,1,0.7693332
5139,1,0.892918
5145,1,0.5404845
5147,0,0.44428894
5158,1,0.8677458
5159,1,0.6778848
5164,1,0.8322689
5172,1,0.6429929
5174,0,0.20558158
5179,0,0.058638886
5184,0,0.34048003
5189,1,0.9654862
5202,0,0.12789674
5216,0,0.43361562
5221,1,0.957275
5226,0,0.22392659
5228,0,0.19939286
5233,0,0.10247139
5243,1,0.7310094
5250,1,0.7310094
5258,1,0.892918
5274,0,0.081451304
5285,0,0.100507006
5288,1,0.9422606
5289,1,0.77484065
5302,1,0.957275
5311,0,0.21377164
5315,1,0.65665084
5319,1,0.513293
5347,0,0.38911596
5350,0,0.17698142
5359,1,0.8209191
5360,0,0.12687245
5365,0,0.41060156
5386,1,0.95824564
5414,1,0.50128746
5421,0,0.0051725404
5435,0,0.0058531254
5444,0,0.49016556
5452,0,0.48861393
5456,1,0.74113595
5464,1,0.5988942
5485,0,0.19939286
5493,0,0.29632297
5495,1,0.80435234
5502,1,0.8209191
5520,1,0.7693332
5521,1,0.79888576
5534,1,0.79888576
5535,0,0.41060156
5536,1,0.9654862
5540,1,0.734835
5546,1,0.95857775
5561,0,0.15232398
5569,0,0.027381659
5571,0,0.14825708
5573,1,0.8130394
5574,1,0.8915731
5585,1,0.9206409
5587,1,0.95455617
5590,0,0.0020580147
5599,1,0.8827215
5602,1,0.9147773
5608,1,0.513293
5614,1,0.7098546
5618,1,0.7098546
5620,0,0.013205127
5623,1,0.9654862
5631,1,0.64668024
5646,0,0.14825708
5658,0,0.15686281
5665,1,0.7098546
5679,1,0.88640237
5687,1,0.7922869
5695,0,0.19939286
5699,0,0.14033924
5707,1,0.59554344
5719,0,0.35573575
5723,0,0.15287846
5730,0,0.07782943
5745,1,0.9283238
5752,1,0.8539713
5755,1,0.9022627
5766,0,0.0007235914
5769,0,0.0015818164
5777,1,0.6429929
5791,0,0.100507006
5796,0,0.2943995
5804,1,0.7052158
5809,0,0.027003255
5816,1,0.72666115
5818,0,0.0047075436
5820,1,0.8827215
5840,1,0.8509089
5849,1,0.63383985
5863,1,0.7952767
5875,1,0.85786116
5877,1,0.9578274
5878,1,0.85786116
5879,1,0.8209191
5889,1,0.6429929
5890,1,0.5404845
5895,1,0.64668024
5897,1,0.513293
5914,1,0.9422606
5921,1,0.95824564
5922,1,0.6624135
5934,1,0.513293
5938,1,0.85786116
5948,1,0.6189023
5950,1,0.6892592
5959,1,0.62050146
5961,0,0.100507006
5962,0,0.20450243
5966,0,0.48230764
5979,1,0.63004625
5983,0,0.01805547
5988,0,0.3704947
5990,1,0.74113595
5992,0,0.28523305
6003,1,0.8300222
6004,1,0.7693332
6006,1,0.6765279
6020,1,0.67047846
6023,1,0.6429929
6031,1,0.6892592
6035,0,0.23666826
6041,1,0.8827215
6042,0,0.0007343762
6052,1,0.74113595
6057,1,0.8539713
6058,1,0.62050146
6061,1,0.61384255
6063,1,0.9247653
6064,1,0.9217335
6076,0,0.31435594
6079,1,0.513293
6086,1,0.513293
6095,1,0.64668024
6097,1,0.871315
6104,1,0.95455617
6111,1,0.91438794
6112,1,0.9641012
6114,1,0.8081897
6115,1,0.8915731
6119,1,0.5404845
6125,1,0.7032472
6130,0,0.056089185
6133,0,0.000207453
6138,0,0.0053046364
6141,0,0.101997785
6145,0,0.10134671
6147,0,0.15686281
6152,0,0.44400695
6162,1,0.6429929
6176,1,0.57084763
6178,1,0.6340029
6183,0,0.340224
6187,0,0.0001944954
6199,0,0.00029793175
6208,1,0.74113595
6223,1,0.9232427
6229,1,0.6765279
6238,1,0.7800196
6243,0,0.011015144
6248,1,0.93526375
6266,0,0.0009683528
6267,0,0.25305086
6273,1,0.5404845
6283,1,0.9700649
6289,1,0.79888576
6291,1,0.9022627
6295,1,0.5404845
6336,0,0.011755918
6338,1,0.8355016
6349,0,0.1303274
6365,1,0.8788316
6372,0,0.22392659
6373,0,0.00029793175
6382,1,0.97077966
6385,1,0.6765279
6391,0,0.22958139
6397,1,0.6765279
6411,1,0.92068464
6413,0,0.34048003
6425,1,0.7098546
6426,1,0.9499578
6437,0,0.20596756
6439,1,0.9585161
6446,1,0.8210049
6447,1,0.7098546
6448,0,0.44400695
6457,0,0.48593068
6462,1,0.64668024
6465,1,0.5104465
6478,1,0.82513577
6479,1,0.5404845
6486,1,0.61384255
6490,0,0.22958139
6492,1,0.9247653
6498,1,0.9700649
6503,0,0.15933539
6507,0,0.20450243
6512,0,0.08719693
6513,0,0.21377164
6519,0,0.014419912
6533,1,0.871315
6538,0,0.17483063
6544,1,0.513293
6547,1,0.774727
6555,0,0.13307425
6565,1,0.88640237
6575,1,0.64933515
6576,0,0.025929198
6582,0,0.00401948
6590,1,0.957275
6594,0,0.26827112
6600,0,0.38045526
6605,1,0.7098546
6608,1,0.85527253
6615,1,0.65665084
6618,0,0.10134671
6619,0,0.25881273
6628,0,0.096699834
6631,1,0.85527253
6658,1,0.50128746
6666,1,0.9217335
6670,1,0.64668024
6683,1,0.9499578
6687,1,0.871315
6695,1,0.95820886
6699,1,0.94840896
6700,0,0.28973046
6702,1,0.64668024
6725,1,0.9232427
6731,1,0.6429929
6735,1,0.63004625
6743,1,0.892918
6746,1,0.95820886
6755,1,0.7763963
6758,1,0.5404845
6769,1,0.6765279
6773,1,0.71321505
6779,1,0.9700649
6780,1,0.79888576
6787,1,0.79888576
6797,1,0.95751697
6808,1,0.64668024
6818,0,0.12371121
6823,1,0.85786116
6836,1,0.9729392
6842,0,0.3415543
6850,1,0.95857775
6855,1,0.7052158
6868,1,0.68617177
6871,1,0.957275
6884,1,0.6429929
6895,1,0.9217335
6896,1,0.8761639
6905,1,0.5985518
6907,0,0.00011758326
6908,0,0.15686111
6909,1,0.7814087
6913,0,0.22958139
6927,1,0.6725085
6934,1,0.7310094
6943,1,0.62050146
6945,0,0.49016556
6962,1,0.83676857
6965,1,0.513293
6984,1,0.9232427
6986,1,0.9245969
6993,1,0.88523567
6994,1,0.50128746
6995,1,0.85786116
7002,1,0.8081897
7003,0,0.09816068
7007,1,0.7098546
7010,0,0.4621929
7017,0,0.3704947
7021,1,0.6429929
7022,1,0.7098546
7023,0,0.0088642305
7040,0,0.47923526
7043,1,0.933888
7051,1,0.9755264
7053,1,0.64117575
7058,1,0.871315
7061,1,0.9217335
7071,1,0.5404845
7078,1,0.68761206
7088,0,0.48230764
7092,0,0.10247139
7098,0,0.027003255
7103,0,0.10247139
7108,0,0.13632664
7111,1,0.8591761
7113,0,0.19886108
7119,1,0.6429929
7120,0,0.24451159
7128,0,0.011015144
7135,0,0.12256581
7136,0,0.31435594
7139,1,0.6429929
7141,0,0.10247139
7143,0,0.100507006
7147,1,0.8300222
7162,0,0.40416613
7165,0,0.2165112
7169,0,0.4629079
7170,1,0.65773493
7175,0,0.45160198
7184,0,0.22392659
7194,1,0.9499578
7207,0,0.24335855
7225,1,0.9729392
7229,1,0.9283238
7241,1,0.88523567
7244,1,0.9870006
7256,1,0.9578274
7260,1,0.8509089
7265,0,0.41848922
7268,1,0.7819363
7282,1,0.76199996
7289,1,0.6765279
7298,1,0.9700649
7306,1,0.8209191
7313,1,0.5339266
7323,1,0.80435234
7325,0,0.46897298
7327,1,0.9964281
7332,0,0.100507006
7336,0,0.2223128
7348,0,0.21377164
7351,0,0.14825708
7373,1,0.85527253
7375,1,0.892918
7378,0,0.0025493552
7381,0,0.07098499
7383,1,0.7710594
7386,1,0.7803099
7389,1,0.7098546
7391,1,0.8539713
7393,0,0.23666826
7395,1,0.79888576
7396,1,0.6176861
7410,1,0.6545203
7412,1,0.9232427
7413,1,0.77484065
7422,1,0.74953926
7423,0,0.48230764
7424,1,0.9147773
7430,1,0.8827215
7447,1,0.9247653
7454,1,0.6429929
7462,1,0.65773493
7466,0,0.3704947
7470,1,0.85527253
7471,0,0.31435594
7480,1,0.6995955
7506,0,0.019116225
7516,1,0.9518232
7521,0,0.2467273
7523,0,0.34555468
7534,0,0.20591027
7547,0,0.20591027
7555,1,0.5854519
7566,0,0.0004049483
7567,0,0.31435594
7577,1,0.921928
7581,1,0.7032472
7582,1,0.95455617
7586,1,0.9487206
7591,0,0.48230764
7596,0,0.20591027
7597,0,0.011512587
7602,1,0.6340029
7612,0,0.011951707
7617,0,0.15466444
7647,0,0.025058215
7656,0,0.0678177
7669,0,0.019684164
7676,0,0.020713076
7689,0,0.009194467
7692,1,0.8437915
7693,1,0.96249646
7694,0,0.04495609
7695,0,0.080395445
7706,0,0.0678177
7711,0,0.06851771
7723,0,0.14519434
7725,1,0.5920971
7758,1,0.7098546
7763,1,0.65665084
7765,1,0.65773493
7776,1,0.7310094
7789,1,0.734835
7802,1,0.9700649
7803,1,0.9245969
7823,0,0.21416485
7829,1,0.7693332
7834,0,0.44400695
7838,1,0.85786116
7844,0,0.00029332977
7851,0,0.15686111
7861,1,0.68617177
7864,0,0.06839751
7869,0,0.14825708
7875,1,0.71472186
7890,0,0.015249645
7899,0,0.0004388512
7916,0,0.015249645
7926,0,0.0004388512
7941,0,0.015249645
7947,0,0.07782943
7950,0,0.17698142
7961,1,0.8539713
7964,0,0.17698142
7965,1,0.7098546
7968,1,0.85786116
7976,0,0.0025493552
7982,1,0.8509089
7995,0,0.096699834
7997,0,0.20591027
7999,1,0.82846
8014,0,0.48230764
8018,1,0.62050146
8020,1,0.85786116
8024,0,0.06613232
8029,1,0.871315
8038,1,0.8460739
8047,0,0.15686281
8049,1,0.6340029
8059,1,0.85786116
8084,1,0.61384255
8088,1,0.82513577
8091,1,0.8081897
8096,1,0.8209191
8111,1,0.9578274
8113,1,0.62050146
8122,1,0.7800196
8127,0,0.34048003
8129,1,0.8209191
8131,1,0.8539713
8132,1,0.64668024
8142,1,0.6765279
8150,1,0.8460739
8152,1,0.7693332
8153,0,0.07782943
8162,0,0.4629079
8164,1,0.88523567
8167,1,0.9206409
8169,1,0.71472186
8201,0,0.100507006
8210,1,0.80435234
8217,1,0.5104465
8244,0,0.48230764
8272,1,0.8882345
8277,0,0.24451159
8289,1,0.74113595
8293,1,0.871315
8302,1,0.9245969
8303,1,0.95857775
8308,0,0.00035107828
8314,1,0.7310094
8316,1,0.9870006
8317,0,0.0048028147
8322,1,0.9700649
8323,1,0.682338
8333,0,0.01598872
8337,0,0.29019842
8345,0,0.4353813
8351,0,0.12371121
8363,0,0.011512587
8370,1,0.75760955
8374,1,0.9518232
8380,1,0.88523567
8382,1,0.9989542
8388,1,0.7693332
8401,0,0.015345781
8408,1,0.7800196
8419,0,0.32469007
8425,1,0.7801425
8434,1,0.7310094
8445,1,0.8827215
8458,1,0.7801425
8460,0,0.34555468
8463,0,0.29019842
8466,1,0.9578274
8469,1,0.59554344
8472,1,0.93526375
8484,1,0.50148714
8485,0,0.013236616
8491,0,0.337593
8493,0,0.029969603
8497,1,0.65665084
8501,0,0.09263977
8509,0,0.067167625
8523,0,0.015249645
8530,1,0.68892074
8534,0,0.25305086
8543,1,0.92969567
8545,1,0.7341085
8546,1,0.6429929
8548,0,0.032192927
8557,0,0.24451159
8563,0,0.14033924
8564,0,0.027003255
8566,1,0.65099984
8568,0,0.15686111
8569,1,0.85527253
8580,1,0.9147773
8586,1,0.8785211
8598,1,0.93526375
8599,1,0.7106659
8612,0,0.016503833
8619,1,0.62050146
8621,0,0.0032623147
8645,1,0.8209191
8648,0,0.16398431
8651,1,0.59554344
8652,0,0.15287846
8663,1,0.7952767
8668,1,0.7693332
8670,1,0.9870006
8671,1,0.94840896
8675,0,0.100507006
8679,0,0.4621929
8684,1,0.8081897
8685,0,0.4876432
8692,0,0.41209227
8695,0,0.1394549
8699,0,0.0026918282
8706,0,0.0002758429
8707,0,0.0002758429
8713,0,0.0002758429
8715,0,0.0002758429
8722,0,0.00092147756
8726,0,0.0002758429
8729,0,0.0010574779
8741,0,0.0002758429
8742,0,0.0002758429
8745,0,0.0002758429
8751,0,0.0002758429
8754,0,0.0002758429
8772,0,0.0010574779
8776,0,0.0010574779
8778,0,0.0010574779
8780,0,0.0010574779
8784,0,0.0002758429
8796,0,0.0010574779
8799,0,0.0010574779
8800,0,0.0010574779
8805,0,0.0010574779
8827,0,0.0010574779
8849,0,0.0010574779
8858,0,0.0010574779
8859,0,0.0010574779
8865,0,0.0010574779
8866,0,0.00039652133
8871,0,0.0010574779
8878,0,0.0002758429
8887,0,7.660275e-05
8890,0,7.660275e-05
8908,1,0.5104465
8918,0,0.20591027
8934,0,0.067167625
8937,0,0.072563075
8939,1,0.65773493
8943,1,0.85527253
8952,1,0.85527253
8959,1,0.85527253
8985,1,0.85527253
8993,1,0.774727
8995,0,0.22392659
9000,0,0.019960577
9001,0,0.07397984
9017,1,0.9241533
9020,0,0.49560475
9026,0,0.31435594
9029,1,0.75405425
9042,1,0.7098546
9053,1,0.8209191
9061,1,0.7098546
9071,0,0.15232398
9077,1,0.513293
9087,1,0.6429929
9101,1,0.6429929
9104,1,0.85024214
9107,0,0.10794802
9119,1,0.99344
9126,0,0.003909366
9132,1,0.734835
9135,1,0.83081174
9136,1,0.6429929
9140,0,0.018226312
9143,1,0.64668024
9148,1,0.7098546
9149,0,0.1774931
9152,1,0.8539713
9157,1,0.8915731
9159,0,0.26827112
9160,0,0.018226312
9171,0,0.018226312
9176,0,0.018226312
9179,0,0.018226312
9191,1,0.9422606
9196,0,0.018226312
9208,1,0.5043419
9222,1,0.9964281
9223,1,0.7098546
9224,0,0.13307425
9225,1,0.9158121
9226,0,0.0023681317
9230,0,0.011015144
9231,0,0.20157176
9243,0,0.009873761
9246,1,0.99344
9248,0,0.4353813
9255,1,0.7693332
9257,0,0.4146535
9260,1,0.6429929
9273,1,0.59554344
9280,0,0.018226312
9295,0,0.10247139
9297,0,0.018226312
9307,0,0.07782943
9313,1,0.64668024
9314,1,0.8209191
9322,1,0.9247653
9330,0,0.33292124
9349,1,0.513293
9351,1,0.74964285
9352,1,0.957275
9360,1,0.9700649
9377,0,0.4064463
9381,1,0.95455617
9390,0,0.022021787
9406,1,0.7693332
9417,1,0.6340029
9418,1,0.79232293
9424,1,0.50453264
9432,1,0.62050146
9445,1,0.82846
9467,0,0.4353813
9483,1,0.871315
9488,1,0.6765279
9491,1,0.75073904
9494,0,0.22958139
9512,0,0.2529265
9514,1,0.82513577
9516,1,0.5404845
9526,1,0.513293
9531,1,0.85786116
9533,1,0.513293
9536,0,0.48230764
9540,0,0.013567068
9542,0,0.018226312
9547,1,0.62050146
9548,1,0.5291833
9551,1,0.9422606
9555,0,0.2223128
9557,1,0.79888576
9560,0,0.4074488
9574,1,0.7819363
9599,1,0.6765279
9603,0,0.10247139
9610,0,0.0004419532
9617,1,0.7310094
9623,1,0.7693332
9632,1,0.5404845
9633,1,0.5806621
9647,1,0.7310094
9651,1,0.6429929
9653,1,0.95820886
9667,1,0.8460739
9676,0,0.12371121
9687,0,0.00022572391
9696,1,0.7310094
9698,1,0.9206409
9701,1,0.59554344
9713,1,0.7310094
9717,0,0.010079947
9718,1,0.6604901
9734,1,0.5339266
9735,1,0.513293
9738,1,0.9751085
9751,1,0.58376503
9756,0,0.14912878
9787,0,0.0043840744
9789,0,0.008619418
9792,0,0.003909366
9802,0,0.34555468
9808,0,0.018226312
9810,0,0.013567068
9829,0,0.018226312
9830,0,0.003786346
9831,1,0.88523567
9836,1,0.62050146
9854,1,0.7098546
9858,1,0.9972716
9866,1,0.85024214
9873,1,0.5404845
9891,1,0.79888576
9903,1,0.9601733
9912,0,0.018226312
9915,0,0.48230764
9917,1,0.9518232
9922,0,0.23666826
9923,0,0.33944726
9926,1,0.6624135
9927,0,0.043629766
9933,1,0.8509089
9936,0,0.02693934
9939,0,0.033833068
9940,0,0.081451304
9944,0,0.04022569
9946,0,0.02693934
9961,1,0.9499578
9972,1,0.682338
9986,1,0.75073904
9987,1,0.6429929
9992,0,0.19886108
10000,0,0.25881273
10008,0,0.048464935
10011,1,0.83081174
10018,1,0.63383985
10021,1,0.672504
10030,1,0.9217335
10034,1,0.9217335
10035,1,0.892918
10044,1,0.9217335
10047,1,0.5291833
10056,1,0.95857775
10068,1,0.59554344
10071,1,0.6406904
10075,1,0.75073904
10076,0,0.19939286
10081,1,0.95820886
10087,0,0.26827112
10101,0,0.1394549
10120,0,0.19939286
10121,1,0.6429929
10125,0,0.011015144
10126,0,0.14653602
10127,1,0.59554344
10129,1,0.82513577
10173,0,0.010344879
10178,0,0.28973046
10184,1,0.9247653
10194,0,0.20591027
10196,1,0.8539713
10215,1,0.6429929
10224,1,0.76199996
10226,1,0.59554344
10230,1,0.6765279
10234,1,0.62050146
10250,1,0.74113595
10252,0,0.3704947
10254,1,0.513293
10258,1,0.9518232
10260,1,0.8539713
10262,1,0.92374134
10268,1,0.99455947
10277,1,0.80435234
10283,1,0.7098546
10289,1,0.8081897
10291,0,0.14825708
10298,0,0.15686281
10305,0,0.16152364
10310,1,0.9232427
10314,0,0.3679806
10322,0,0.053204518
10325,1,0.83614933
10340,1,0.98700863
10341,1,0.6816195
10346,0,0.3679806
10357,0,0.043277528
10365,1,0.7456639
10369,1,0.77610445
10384,0,0.04954668
10386,1,0.9438061
10387,0,0.14033924
10398,1,0.95857775
10408,1,0.5404845
10413,0,0.0009838204
10416,1,0.9283238
10419,1,0.95455617
10432,0,0.12256581
10433,0,0.13307425
10435,0,0.0054907613
10439,1,0.6961691
10441,1,0.7310094
10443,1,0.96069837
10448,1,0.9499578
10451,1,0.6545203
10453,1,0.6545203
10456,1,0.9700649
10462,1,0.7098546
10467,1,0.9283238
10475,1,0.8827215
10485,0,0.4629079
10495,1,0.5104465
10498,0,0.4621929
10514,1,0.95857775
10522,1,0.53473985
10534,0,0.4353813
10548,1,0.58376503
10555,1,0.71321505
10559,1,0.8081897
10565,1,0.88881487
10598,1,0.6429929
10600,1,0.84975064
10603,1,0.53985786
10621,0,0.4621929
10625,0,0.44400695
10627,1,0.9504373
10641,1,0.513293
10652,1,0.734835
10661,0,0.033833068
10664,0,0.011223516
10673,1,0.5985518
10674,1,0.9964281
10684,1,0.91438794
10692,1,0.6429929
10699,1,0.7106659
10719,1,0.9499578
10722,1,0.9217335
10726,1,0.6429929
10727,1,0.7310094
10732,1,0.97077966
10734,1,0.7767853
10735,1,0.9504373
10743,1,0.79888576
10748,0,0.009194467
10756,1,0.9232427
10757,1,0.513293
10764,1,0.6624135
10790,1,0.64933515
10802,1,0.6429929
10806,0,0.48230764
10810,1,0.7310094
10812,0,0.20317185
10825,1,0.513293
10826,1,0.6545203
10827,0,0.17698142
10832,1,0.9518232
10833,0,0.21416485
10841,1,0.77484065
10843,0,0.00018722654
10846,1,0.8948359
10848,0,0.014419912
10855,1,0.82513577
10875,0,0.22392659
10883,0,0.13307425
10886,0,0.48230764
10893,1,0.82513577
10894,1,0.8210049
10895,1,0.9504373
10899,1,0.79888576
10903,1,0.5104465
10909,1,0.9654862
10912,1,0.9260176
10932,0,0.17698142
10933,1,0.8519454
10934,0,0.19939286
10944,1,0.9654862
10956,0,0.28973046
10957,0,0.096699834
10961,0,0.021322602
10973,1,0.9700649
10984,0,0.44400695
10993,1,0.64668024
10994,1,0.6429929
11010,1,0.6410418
11019,1,0.64668024
11020,0,0.08313175
11038,1,0.67667985
11040,1,0.9755264
11043,1,0.9700649
11056,1,0.62050146
11066,1,0.5404845
11068,1,0.9585161
11070,1,0.9267046
11094,1,0.6429929
11097,1,0.6624135
11098,1,0.9700649
11105,1,0.7693332
11106,1,0.513293
11116,1,0.7310094
11117,0,0.043416608
11119,1,0.98950154
11141,0,0.26827112
11155,1,0.75760955
11157,1,0.71321505
11158,1,0.79888576
11162,1,0.9964281
11179,1,0.7693332
11181,1,0.8509089
11191,1,0.9654862
11194,1,0.59202397
11196,1,0.9260176
11198,1,0.7693332
11202,0,0.20591027
11205,0,0.14836942
11207,1,0.8130394
11210,0,0.10339355
11215,1,0.9499578
11217,1,0.7098546
11220,1,0.75073904
11227,0,0.15686111
11228,1,0.95422333
11238,1,0.80991554
11240,1,0.5404845
11247,1,0.80435234
11252,1,0.816953
11261,1,0.64668024
11264,1,0.9870006
11291,1,0.85024214
11294,1,0.9870006
11295,0,0.14825708
11307,0,0.15686281
11317,0,0.31320837
11320,1,0.7098546
11322,1,0.83676857
11325,1,0.6429929
11326,1,0.6429929
11339,0,0.22958139
11344,0,0.10134671
11350,1,0.79232293
11356,1,0.59554344
11357,1,0.95857775
11366,1,0.91438794
11373,1,0.5404845
11383,0,0.048857603
11386,1,0.6429929
11390,0,0.007039159
11397,0,0.081451304
11398,1,0.6765279
11406,1,0.9654862
11412,1,0.734835
11417,1,0.7310094
11419,1,0.95820886
11426,1,0.77484065
11432,1,0.513293
11445,0,0.28176114
11457,1,0.63383985
11471,1,0.8081897
11475,1,0.5404845
11476,1,0.79888576
11477,1,0.79888576
11478,1,0.9206409
11483,1,0.9964281
11489,1,0.8673003
11494,1,0.892918
11496,1,0.7864565
11510,1,0.8081897
11512,1,0.71321505
11521,1,0.5404845
11528,1,0.6765279
11529,1,0.6765279
11547,1,0.85786116
11556,1,0.6429929
11560,1,0.7878916
11562,1,0.83081174
11577,0,0.33292124
11581,1,0.9700649
11587,0,0.048857603
11596,1,0.6624135
11603,0,0.00018722654
11611,1,0.67047846
11612,1,0.95857775
11614,0,0.0005901164
11624,0,0.29653874
11625,1,0.8081897
11635,1,0.63383985
11641,1,0.9247653
11658,0,0.16442786
11661,1,0.871315
11673,0,0.24239269
11674,1,0.8915731
11677,0,0.010079947
11679,0,0.010079947
11681,0,0.4064463
11684,1,0.8975901
11694,1,0.7098546
11700,1,0.65773493
11718,0,0.067167625
11720,0,0.44428894
11727,0,0.067167625
11729,0,0.20450243
11731,0,0.0061759157
11753,1,0.71321505
11755,0,0.0055204774
11758,1,0.6765279
11762,0,0.38911596
11764,1,0.5404845
11778,0,0.34048003
11781,1,0.7801425
11786,0,0.22392659
11788,0,0.012083951
11802,1,0.871315
11820,1,0.50148714
11832,0,0.010079947
11835,0,0.34555468
11839,1,0.67667985
11845,0,0.153388
11848,0,0.21377164
11856,1,0.5404845
11857,1,0.65099984
11879,1,0.7693332
11883,1,0.55694306
11885,0,0.29653874
11889,0,0.40596148
11894,1,0.869197
11896,0,0.14912878
11904,0,0.22392659
11915,1,0.8081897
11917,0,0.34555468
11948,0,0.014668678
11965,1,0.7801425
11971,0,0.14516024
11983,0,0.3415543
11986,0,0.4621929
11990,0,0.20450243
11998,1,0.7693332
12010,0,0.011755918
12016,0,0.15686111
12026,1,0.5275547
12038,1,0.5496624
12048,0,0.12371121
12060,1,0.5150682
12089,0,0.22392659
12096,0,0.07415974
12113,0,0.06342056
12115,0,0.48230764
12130,0,0.10247139
12131,0,0.014419912
12135,0,0.44400695
12138,1,0.8539713
12140,0,0.057073556
12145,0,0.153388
12148,1,0.9232427
12151,1,0.9499578
12154,1,0.79888576
12158,1,0.8209191
12159,1,0.8209191
12168,1,0.9267046
12172,1,0.5104465
12173,1,0.76199996
12181,1,0.6604901
12182,1,0.5317522
12193,1,0.9124863
12194,0,0.15686111
12196,1,0.65773493
12198,1,0.9901833
12201,0,0.056089185
12203,1,0.5404845
12205,0,0.10339355
12210,1,0.75073904
12218,1,0.8827215
12228,1,0.9729392
12234,1,0.65773493
12237,0,0.20450243
12244,1,0.8209191
12249,1,0.64668024
12258,1,0.8209191
12259,0,0.00015656873
12264,1,0.92374134
12266,1,0.79888576
12273,1,0.513293
12274,1,0.79454386
12276,0,0.44400695
12281,0,0.31435594
12284,1,0.62050146
12300,1,0.71321505
12305,1,0.6429929
12308,1,0.6765279
12311,0,0.43361562
12312,1,0.71321505
12315,1,0.8896902
12328,1,0.9700649
12335,0,0.42710462
12336,0,0.28614682
12350,1,0.71321505
12353,1,0.64668024
12358,1,0.8460739
12359,1,0.957275
12362,0,0.34048003
12372,1,0.8209191
12385,1,0.6429929
12392,1,0.7098546
12397,1,0.7819363
12400,1,0.734835
12401,1,0.6545203
12402,1,0.7819363
12405,1,0.6545203
12418,1,0.59554344
12424,1,0.71321505
12425,1,0.59554344
12426,1,0.9260176
12431,1,0.75073904
12435,1,0.8733774
12440,0,0.26814434
12444,0,0.36118984
12454,1,0.6765279
12470,1,0.957275
12476,0,0.0012308166
12477,0,0.0012308166
12480,0,0.0012308166
12486,0,0.0012308166
12495,0,0.0012308166
12498,0,0.0004388512
12505,0,0.0004388512
12530,0,0.0012308166
12534,1,0.8591761
12535,1,0.6778848
12543,1,0.9499578
12583,1,0.9422606
12585,1,0.7803099
12597,1,0.9064716
12611,1,0.892918
12621,1,0.6429929
12626,1,0.7098546
12632,1,0.8539713
12638,0,0.34048003
12643,0,0.12371121
12648,1,0.5404845
12651,0,0.17698142
12655,1,0.90412515
12658,1,0.8744597
12663,0,0.10247139
12671,1,0.62050146
12674,1,0.68761206
12693,0,0.0014173412
12700,0,0.008408281
12712,0,0.0014173412
12714,0,0.0014173412
12722,0,0.0014173412
12724,0,0.0014173412
12730,0,0.0014173412
12733,0,0.0014173412
12739,0,0.0014173412
12747,0,0.0014173412
12749,0,0.0014173412
12750,0,0.0014173412
12754,0,0.0014173412
12757,0,0.0014173412
12758,0,0.0014173412
12765,0,0.0014173412
12767,0,0.0014173412
12769,0,0.0014173412
12772,0,0.0014173412
12775,0,0.0014173412
12777,0,0.0014173412
12786,1,0.75073904
12797,1,0.5404845
12800,1,0.79888576
12803,1,0.9740252
12806,1,0.9518232
12807,1,0.97077966
12811,0,0.025929198
12834,1,0.9487206
12844,0,0.0025493552
12845,0,0.12371121
12854,1,0.6429929
12866,1,0.83081174
12868,1,0.7098546
12871,0,0.31941247
12877,0,0.012050458
12880,1,0.5104465
12885,1,0.682338
12886,0,0.32469007
12890,1,0.91438794
12891,1,0.9649196
12916,1,0.8509089
12918,1,0.871315
12925,0,0.3730038
12929,0,0.013403648
12931,1,0.9518232
12934,1,0.871315
12945,1,0.74113595
12947,1,0.83081174
12949,1,0.7098546
12954,1,0.8300222
12999,1,0.774727
13000,1,0.9206409
13002,1,0.50148714
13008,0,0.10247139
13011,1,0.60869664
13013,1,0.92374134
13020,1,0.83081174
13025,1,0.6765279
13033,1,0.83676857
13040,1,0.95820886
13042,1,0.88216543
13055,1,0.83081174
13058,1,0.5404845
13065,1,0.6429929
13074,1,0.9654862
13082,1,0.9518232
13088,0,0.13615642
13105,0,0.44400695
13106,0,0.093182616
13110,1,0.6429929
13111,1,0.8539713
13112,1,0.513293
13130,1,0.76199996
13137,1,0.8300222
13138,1,0.6765279
13139,1,0.74113595
13144,1,0.9499578
13146,1,0.933888
13148,1,0.6746016
13159,1,0.85786116
13161,0,0.069567695
13167,0,0.003786346
13200,0,0.1394549
13207,1,0.5275547
13210,1,0.85786116
13212,0,0.15466444
13214,0,0.40416613
13215,1,0.5985518
13216,0,0.48230764
13218,1,0.682338
13222,0,0.2943995
13227,1,0.921928
13237,0,0.22392659
13250,1,0.9422606
13252,1,0.8539713
13256,1,0.9956131
13257,1,0.6429929
13258,1,0.9654862
13267,1,0.62050146
13268,0,0.096699834
13275,1,0.61384255
13285,0,0.056089185
13297,1,0.933888
13298,0,0.20596756
13313,1,0.734835
13318,0,0.44400695
13341,1,0.871315
13370,1,0.892918
13381,1,0.94205713
13382,1,0.6765279
13388,1,0.9407209
13404,1,0.9283238
13405,0,0.42710462
13408,1,0.64668024
13423,0,0.49756178
13426,1,0.50128746
13433,1,0.88640237
13443,0,0.48230764
13460,0,0.4353813
13479,1,0.75073904
13480,1,0.5404845
13485,1,0.64668024
13486,1,0.62050146
13491,1,0.892918
13509,1,0.65665084
13520,1,0.9700649
13524,1,0.8099619
13525,1,0.83081174
13526,0,0.2451028
13541,0,0.41060156
13549,1,0.88640237
13552,1,0.62050146
13555,1,0.51283234
13562,1,0.5985518
13566,1,0.5635537
13571,1,0.51283234
13572,1,0.62050146
13595,0,0.48230764
13614,0,0.48230764
13620,1,0.98470575
13623,1,0.7693332
13646,1,0.9739525
13648,0,0.25305086
13649,1,0.5635537
13652,0,0.48230764
13658,1,0.87437934
13663,0,0.28053746
13664,1,0.9654862
13683,1,0.80435234
13699,1,0.74113595
13717,0,0.049267065
13728,0,0.00011628669
13736,0,0.043223534
13745,1,0.7310094
13761,1,0.871315
13778,1,0.7710594
13784,1,0.88523567
13785,0,0.44400695
13794,0,0.23666826
13799,1,0.7052158
13802,1,0.8539713
13809,1,0.8081897
13822,0,0.22392659
13828,1,0.79888576
13829,1,0.6545203
13830,0,0.35573575
13836,0,0.00361006
13839,0,0.027003255
13840,1,0.871315
13844,1,0.9232427
13845,0,0.39420086
13849,1,0.6765279
13855,1,0.92068464
13859,0,0.44400695
13867,0,0.4621929
13869,0,0.3273658
13875,0,0.15686111
13876,0,0.2943995
13878,1,0.8509089
13903,1,0.6429929
13914,1,0.513293
13931,1,0.6778848
13938,0,0.16398431
13941,1,0.96069837
13958,0,0.0020979503
13967,0,0.49844334
13976,0,0.100507006
13980,0,0.06800938
13985,0,0.0107179135
14010,1,0.59554344
14015,1,0.5404845
14041,1,0.88523567
14046,1,0.82513577
14050,1,0.79248536
14052,1,0.6765279
14059,1,0.95820886
14061,1,0.6778848
14069,0,0.34048003
14074,1,0.64668024
14075,1,0.65099984
14092,0,0.38155794
14093,1,0.64668024
14106,0,0.23666826
14114,0,0.28614682
14115,0,0.48230764
14117,1,0.871315
14119,1,0.8827215
14120,1,0.6429929
14122,1,0.7693332
14124,1,0.6765279
14133,0,0.4680669
14135,1,0.95857775
14138,0,0.20596756
14140,0,0.13307425
14141,0,0.15686281
14144,1,0.7693332
14167,1,0.9654862
14168,0,0.1394549
14172,1,0.9410404
14178,1,0.6545203
14179,1,0.7052158
14188,1,0.87437934
14192,0,0.25305086
14202,0,0.19939286
14206,0,0.22392659
14213,1,0.93526375
14218,1,0.62050146
14220,1,0.82513577
14227,0,0.49560475
14236,0,0.18899521
14238,0,0.13307425
14245,1,0.92969567
14250,0,0.3704947
14254,0,0.14474536
14261,0,0.14256406
14267,1,0.8099619
14272,1,0.88523567
14281,0,0.012129393
14291,0,0.051661853
14293,0,0.15686281
14308,1,0.88640237
14310,0,0.22730729
14311,0,0.13118525
14316,0,0.17698142
14323,0,0.3273658
14324,0,0.0047354703
14325,0,0.10247139
14327,0,0.2991077
14332,0,0.010079947
14343,0,0.22392659
14360,0,0.06975855
14364,1,0.67047846
14365,1,0.9245969
14366,1,0.7032472
14368,1,0.53473985
14376,1,0.6429929
14379,1,0.6429929
14389,0,0.47923526
14392,1,0.6429929
14399,1,0.59554344
14405,1,0.85786116
14406,0,0.25305086
14407,1,0.8130394
14418,1,0.62050146
14426,1,0.6186442
14429,1,0.513293
14439,1,0.88523567
14441,1,0.6429929
14442,1,0.6765279
14445,1,0.6545203
14447,1,0.892918
14458,1,0.9499578
14462,1,0.95857775
14469,0,0.22392659
14471,1,0.7310094
14472,1,0.97077966
14485,0,0.067167625
14495,0,0.10134671
14504,0,0.056089185
14511,1,0.62050146
14513,1,0.79888576
14516,1,0.513293
14517,1,0.5985518
14524,0,0.22223116
14528,0,0.21377164
14533,1,0.513293
14534,1,0.8460739
14537,1,0.75760955
14545,1,0.6765279
14549,1,0.6429929
14550,1,0.6719713
14553,1,0.7693332
14555,1,0.7310094
14563,0,0.46613538
14564,1,0.513293
14568,1,0.513293
14579,0,0.2943995
14590,1,0.79888576
14593,0,0.19247147
14594,0,0.19247147
14601,1,0.8559271
14607,0,0.4164737
14613,1,0.5167523
14618,1,0.85077876
14623,1,0.65773493
14635,1,0.75405425
14637,0,0.4164737
14639,0,0.16398431
14643,1,0.62050146
14644,1,0.86534977
14647,1,0.7952767
14650,1,0.91136783
14657,0,0.19939286
14665,1,0.9217335
14671,1,0.7801425
14680,1,0.7693332
14681,0,0.4629079
14697,1,0.5404845
14699,1,0.95857775
14706,0,0.4629079
14712,1,0.9283238
14715,0,0.44917688
14719,1,0.65773493
14722,1,0.8509089
14728,0,0.39420086
14729,1,0.5404845
14732,1,0.50148714
14733,1,0.62050146
14746,1,0.5404845
14747,1,0.9862098
14760,0,0.048464935
14765,0,0.3273658
14771,0,0.47923526
14774,0,0.19886108
14775,1,0.9247653
14778,1,0.97612077
14781,1,0.6765279
14794,0,0.22392659
14798,1,0.871315
14803,1,0.82513577
14818,1,0.8209191
14819,1,0.8081897
14820,1,0.9654862
14832,0,0.3704947
14843,1,0.65099984
14845,1,0.6765279
14852,0,0.14912878
14855,1,0.6545203
14868,0,0.14825708
14871,1,0.97077966
14874,1,0.9504373
14876,1,0.7098546
14877,1,0.9245203
14879,0,0.10247139
14880,1,0.6429929
14881,0,0.4621929
14886,1,0.5644187
14887,1,0.8300222
14899,1,0.87437934
14904,0,0.0015801439
14907,1,0.7310094
14912,0,0.28176114
14925,0,0.032192927
14953,0,0.14667386
14955,1,0.61384255
14958,1,0.892918
14960,1,0.8539713
14962,1,0.892918
14968,1,0.734835
14975,0,0.005208627
14976,0,0.15010771
14978,0,0.15010771
14991,0,0.10247139
14997,0,0.0012308166
14998,0,0.0010560382
15015,0,0.19939286
15025,0,0.21377164
15026,0,0.15686281
15032,0,0.153388
15037,0,0.04711876
15055,1,0.74533945
15062,1,0.80435234
15069,1,0.64668024
15083,1,0.5439974
15086,1,0.92969567
15088,0,0.12371121
15105,1,0.8539713
15113,1,0.9232427
15115,0,0.09226083
15119,1,0.6725085
15122,1,0.6725085
15127,0,0.4442518
15143,1,0.9217335
15150,1,0.9740252
15153,1,0.7098546
15175,0,0.340224
15177,0,0.21631843
15178,0,0.35054508
15187,1,0.513293
15188,1,0.8300222
15192,1,0.8539713
15197,1,0.92071635
15206,1,0.9518232
15216,0,0.34555468
15233,0,0.19886108
15235,0,0.20591027
15245,1,0.9104341
15266,1,0.7106659
15268,1,0.97077966
15269,0,0.043223534
15273,1,0.9870006
15277,1,0.9870006
15287,0,0.052843962
15298,1,0.5404845
15325,1,0.8539713
15328,0,0.1303274
15344,1,0.7801425
15357,1,0.83676857
15364,1,0.7098546
15365,0,0.48230764
15367,1,0.7713291
15372,1,0.9956131
15375,1,0.513293
15380,1,0.50702006
15387,1,0.95751697
15390,1,0.6765279
15395,0,0.08413091
15398,0,0.34555468
15399,1,0.92969567
15414,1,0.64668024
15418,0,0.13307425
15419,1,0.5404845
15423,1,0.8209191
15445,1,0.513293
15462,1,0.513293
15464,1,0.62050146
15476,1,0.62050146
15480,1,0.62050146
15486,1,0.62050146
15490,1,0.62050146
15492,1,0.62050146
15497,1,0.62050146
15499,1,0.62050146
15503,1,0.62050146
15504,1,0.62050146
15507,1,0.62050146
15508,1,0.62050146
15514,1,0.62050146
15517,1,0.62050146
15520,1,0.62050146
15529,1,0.62050146
15545,1,0.62050146
15548,1,0.62050146
15569,1,0.62050146
15580,1,0.62050146
15581,1,0.62050146
15593,1,0.62050146
15600,1,0.62050146
15608,1,0.62050146
15611,1,0.62050146
15614,0,0.48230764
15615,0,0.10247139
15626,0,0.00019062914
15628,0,0.1394549
15632,1,0.9245969
15640,0,0.0001944954
15645,1,0.68761206
15655,0,0.100507006
15657,1,0.9959758
15661,1,0.59554344
15684,0,0.19886108
15692,0,0.2470866
15695,1,0.8355016
15702,1,0.5918129
15703,1,0.83676857
15706,1,0.7310094
15708,1,0.9649196
15719,0,0.01848627
15724,1,0.9232427
15728,0,0.48593068
15733,1,0.9422606
15740,1,0.95857775
15754,1,0.62050146
15757,0,0.15686111
15763,0,0.2223128
15766,1,0.64668024
15769,1,0.62050146
15774,0,0.13632664
15785,1,0.92068464
15788,0,0.22392659
15796,1,0.85786116
15798,1,0.8539713
15800,1,0.5988942
15805,1,0.9654862
15808,1,0.9654862
15820,1,0.7098546
15821,1,0.7693332
15837,1,0.9518232
15838,0,0.19886108
15845,1,0.6624135
15847,1,0.682338
15859,1,0.5985518
15867,0,0.09263977
15874,0,0.21999508
15894,1,0.6429929
15898,0,0.001639681
15902,1,0.80435234
15903,1,0.6429929
15906,1,0.80435234
15934,0,0.14825708
15950,1,0.77484065
15952,0,0.051661853
15955,0,0.26827112
15959,1,0.5985518
15960,0,0.4353813
15962,0,0.4064463
15963,1,0.5291833
15965,1,0.6765279
15969,0,0.4621929
15971,1,0.50148714
15975,1,0.8655654
15982,0,0.08635212
15983,1,0.5404845
15984,1,0.871315
15990,0,0.48230764
15992,1,0.871315
15995,0,0.4182516
15998,0,0.100507006
16002,0,0.035716187
16006,1,0.5920971
16008,0,0.13532975
16023,0,0.00014670815
16040,0,0.46487504
16043,0,0.2223128
16045,0,0.4629079
16051,1,0.6189023
16057,0,0.45160198
16060,0,0.46078143
16063,0,0.41341993
16065,1,0.8664776
16075,0,0.12733066
16080,0,0.059742976
16087,1,0.5404845
16098,0,0.032192927
16120,0,0.20422424
16133,0,0.3273658
16137,0,0.15232398
16139,1,0.5922493
16174,1,0.7693332
16179,1,0.95857775
16180,1,0.6765279
16192,0,0.4442518
16193,1,0.8300222
16196,1,0.7693332
16201,1,0.64668024
16206,1,0.9247653
16212,1,0.8827215
16216,0,0.15287846
16224,1,0.50148714
16229,1,0.68761206
16232,1,0.64668024
16244,1,0.5104465
16255,0,0.0007072837
16256,0,0.3109396
16265,0,0.20558158
16275,0,0.100507006
16280,0,0.100507006
16284,1,0.9422606
16288,0,0.1394549
16289,0,0.10134671
16296,0,0.0014525903
16298,0,0.33944726
16300,0,0.10247139
16302,0,0.10247139
16308,0,0.15287846
16314,0,0.17698142
16315,1,0.9330485
16335,1,0.64668024
16351,0,0.002697356
16362,1,0.83081174
16365,1,0.8264466
16368,1,0.9578274
16381,1,0.64668024
16383,1,0.95455617
16392,1,0.5404845
16395,0,0.40258774
16404,1,0.9654862
16420,1,0.8664776
16421,1,0.92068464
16433,1,0.8300222
16435,1,0.85786116
16436,1,0.92068464
16444,1,0.85024214
16448,1,0.8209191
16449,0,0.48230764
16451,1,0.7952767
16452,1,0.87437934
16469,0,0.48230764
16471,1,0.95857775
16476,0,0.1378233
16477,0,0.43361562
16480,0,0.043436445
16487,1,0.59554344
16489,1,0.921928
16495,1,0.9641012
16496,1,0.7098546
16498,0,0.044784818
16502,0,0.14825708
16506,1,0.9260176
16510,0,0.010563144
16513,0,0.0023821648
16527,1,0.9245969
16528,1,0.8081897
16546,0,0.42710462
16547,0,0.067167625
16550,0,0.48230764
16552,1,0.62050146
16561,1,0.98470575
16562,1,0.57084763
16563,1,0.8882345
16567,1,0.64668024
16595,1,0.9870006
16606,1,0.73989356
16607,1,0.55694306
16618,0,0.100507006
16639,1,0.734835
16676,1,0.9147773
16677,1,0.8509089
16679,1,0.65773493
16680,1,0.7517171
16699,0,0.48230764
16704,1,0.7098546
16705,1,0.5104465
16706,1,0.840736
16707,1,0.88523567
16712,0,0.17698142
16714,0,0.10247139
16725,1,0.85786116
16726,1,0.62050146
16727,0,0.15287846
16733,1,0.94840896
16738,1,0.95857775
16741,1,0.64668024
16748,1,0.6340029
16750,1,0.9247653
16751,1,0.7052158
16759,0,0.0054907613
16760,1,0.9950223
16774,0,0.0005949657
16778,1,0.7151018
16780,0,0.10247139
16781,1,0.7310094
16784,1,0.7819363
16795,1,0.9232427
16803,1,0.7098546
16817,0,0.48230764
16823,1,0.50128746
16835,1,0.50702006
16840,0,0.14400096
16859,0,0.41209227
16865,0,0.29632297
16883,0,0.49014077
16888,1,0.6624135
16889,0,0.46078143
16893,1,0.7032472
16894,1,0.50128746
16896,1,0.7032472
16898,0,0.41209227
16899,0,0.49014077
16901,0,0.030081555
16909,0,0.4636171
16915,1,0.7032472
16918,1,0.8099619
16921,0,0.40596148
16922,1,0.63731784
16928,0,0.49014077
16936,0,0.027334621
16943,0,0.22958139
16945,0,0.1699142
16949,0,0.4353813
16950,0,0.19306059
16951,1,0.6765279
16956,0,0.4164737
16961,0,0.24867673
16963,0,0.10134671
16975,1,0.7341085
16978,1,0.5439974
16986,0,0.19886108
16988,1,0.85786116
16994,1,0.62050146
16997,1,0.85786116
17000,1,0.75073904
17002,0,0.26827112
17003,1,0.97077966
17020,1,0.65099984
17022,1,0.65665084
17029,1,0.53473985
17039,0,0.34555468
17042,0,0.009417663
17066,0,0.0055204774
17068,0,0.46897298
17070,0,0.20157176
17071,1,0.871315
17077,1,0.6765279
17086,0,0.20450243
17090,0,0.15466444
17094,0,0.1201585
17101,0,0.1201585
17116,1,0.734835
17117,1,0.5404845
17118,1,0.65773493
17129,0,0.2529265
17132,1,0.64668024
17141,1,0.8539713
17145,1,0.95455617
17146,1,0.92068464
17165,1,0.7801425
17168,1,0.98134893
17188,1,0.9518232
17198,1,0.734835
17211,1,0.7693332
17216,0,0.19939286
17221,0,0.1394549
17227,1,0.80435234
17228,1,0.7801425
17244,1,0.62050146
17249,1,0.6429929
17253,0,0.41848922
17271,0,0.035894275
17279,0,0.033078633
17282,0,0.36980313
17284,1,0.9422606
17288,0,0.0011587891
17291,0,0.0011587891
17301,1,0.5026579
17310,1,0.6765279
17313,1,0.9232427
17322,1,0.75073904
17331,1,0.7273977
17341,1,0.83676857
17342,1,0.53473985
17350,0,0.33944726
17358,1,0.5439974
17367,0,0.153388
17378,1,0.5635537
17381,1,0.88216543
17386,1,0.7310094
17396,0,0.30275428
17399,1,0.62050146
17403,1,0.6986754
17407,0,0.20591027
17412,0,0.4353813
17432,1,0.9870006
17454,1,0.85786116
17456,1,0.79232293
17461,0,0.15559024
17469,0,0.39420086
17470,1,0.5854519
17476,1,0.5404845
17478,1,0.9217335
17479,1,0.5404845
17484,1,0.957275
17490,1,0.64668024
17497,1,0.64668024
17500,1,0.7693332
17509,1,0.7098546
17518,1,0.97077966
17532,1,0.9147773
17533,1,0.9654862
17535,1,0.6765279
17549,0,0.14033924
17552,0,0.049267065
17563,0,0.0007526084
17567,0,0.100507006
17576,0,0.1394549
17580,0,0.13307425
17613,0,0.20558158
17614,0,0.100507006
17631,0,0.44400695
17638,0,0.0005901164
17639,0,0.005203132
17640,0,0.035716187
17646,0,0.100507006
17647,0,0.14825708
17662,0,0.17974934
17668,1,0.5985518
17670,1,0.6429929
17674,1,0.513293
17682,1,0.6765279
17690,1,0.9518232
17691,1,0.57084763
17712,1,0.7098546
17713,1,0.871315
17720,1,0.84975064
17736,0,0.0003643213
17744,1,0.8300222
17753,1,0.7098546
17758,1,0.9422606
17767,1,0.6765279
17770,0,0.033833068
17772,1,0.9654862
17780,0,0.0031171313
17788,1,0.5404845
17789,1,0.5404845
17792,0,0.23666826
17794,0,0.108235545
17808,0,0.15686111
17810,1,0.8539713
17812,1,0.513293
17819,1,0.9022627
17821,0,0.011755918
17828,1,0.95820886
17830,1,0.8081897
17834,1,0.50148714
17838,0,0.17698142
17839,0,0.096699834
17840,0,0.10134671
17856,0,0.059742976
17862,0,0.2613825
17868,1,0.62050146
17870,0,0.09665828
17877,1,0.96594507
17902,0,0.38953862
17910,1,0.62050146
17911,1,0.5104465
17912,0,0.31435594
17928,0,0.03903756
17938,0,0.20591027
17939,1,0.82513577
17940,1,0.922062
17946,1,0.7790029
17947,1,0.76199996
17949,0,0.0026727836
17963,1,0.87437934
17967,1,0.6765279
17972,1,0.8509089
17973,1,0.8209191
17975,1,0.7693332
17978,1,0.9422606
17989,1,0.7952767
17996,1,0.6765279
17999,0,0.38155794
18014,1,0.9654862
18015,1,0.7693332
18017,1,0.6765279
18021,1,0.9654862
18024,0,0.0016256031
18027,0,0.006683978
18028,0,0.19886108
18033,1,0.71321505
18046,1,0.64668024
18049,0,0.22392659
18060,0,0.20558158
18062,1,0.9279216
18080,0,0.10247139
18090,0,0.340224
18102,1,0.92068464
18108,1,0.75073904
18120,1,0.5104465
18123,1,0.7052158
18127,1,0.71321505
18138,1,0.7622764
18157,0,0.2943995
18191,0,0.4621929
18196,1,0.9601733
18197,1,0.82513577
18206,1,0.53473985
18221,0,0.4182516
18223,0,0.15287846
18238,1,0.7864565
18243,0,0.100507006
18244,0,0.19886108
18262,0,0.17698142
18269,1,0.9283238
18271,0,0.2470866
18276,1,0.7313814
18284,0,0.39420086
18292,0,0.153388
18293,1,0.8509089
18297,1,0.6476024
18299,0,0.03731972
18304,0,0.48230764
18306,0,0.15287846
18307,1,0.62050146
18317,1,0.77623796
18320,0,0.4064463
18323,1,0.75073904
18334,0,0.03903756
18348,0,0.03197443
18372,1,0.9740252
18374,0,0.34048003
18385,1,0.64668024
18395,1,0.513293
18408,1,0.92969567
18410,1,0.7098546
18411,1,0.62050146
18413,0,0.41060156
18416,1,0.82513577
18427,1,0.9283238
18462,1,0.9654862
18463,1,0.8827215
18474,1,0.76199996
18487,0,0.19939286
18497,1,0.6429929
18503,1,0.6892592
18513,1,0.5806621
18515,1,0.59554344
18516,1,0.59554344
18519,0,0.49837536
18523,1,0.75073904
18526,1,0.64668024
18541,1,0.89903384
18548,1,0.933888
18562,1,0.64668024
18568,1,0.9504373
18570,1,0.9654862
18578,0,0.20450243
18583,0,0.018168548
18587,1,0.91438794
18601,1,0.774727
18610,0,0.066417545
18612,0,0.0129200285
18619,0,0.2223128
18621,0,0.20450243
18622,0,0.011015144
18627,1,0.66061693
18633,0,0.14825708
18634,1,0.7310094
18646,1,0.6429929
18662,1,0.7801425
18678,0,0.20157176
18685,1,0.5275547
18694,1,0.6765279
18707,1,0.7098546
18708,1,0.5404845
18709,0,0.01718941
18725,1,0.5985518
18729,0,0.33944726
18731,1,0.68761206
18733,0,0.010563144
18734,1,0.65665084
18737,0,0.14825708
18743,0,0.13632664
18745,1,0.5619336
18747,0,0.014885765
18752,0,0.40799028
18754,1,0.5150682
18760,0,0.0007643117
18784,0,0.0031275814
18794,1,0.79232293
18801,0,0.38911596
18805,0,0.44917688
18806,0,0.15686111
18815,1,0.79888576
18822,0,0.15838689
18828,0,0.00018722654
18842,1,0.6545203
18849,1,0.9422606
18866,1,0.7693332
18870,1,0.54078835
18882,1,0.96069837
18889,1,0.8209191
18899,1,0.9740252
18913,0,0.4621929
18916,0,0.3704947
18926,1,0.64668024
18945,0,0.4182516
18957,1,0.9578274
18961,0,0.0072178678
18965,0,0.043436445
18993,1,0.99377775
18999,1,0.99377775
19006,1,0.99377775
19014,1,0.99377775
19018,0,0.19582523
19024,0,0.21377164
19027,0,0.20450243
19031,0,0.19939286
19055,0,0.35734263
19068,0,0.35734263
19074,0,0.35573575
19077,1,0.9518232
19086,1,0.76199996
19087,1,0.8191733
19097,0,0.030001678
19101,0,0.15686281
19119,1,0.65773493
19121,1,0.59554344
19125,1,0.8407749
19151,0,0.04724425
19155,1,0.79232293
19159,0,0.45250586
19171,0,0.0054907613
19177,0,0.038189806
19182,1,0.9654862
19184,1,0.9654862
19186,1,0.9518232
19192,0,0.40416613
19203,0,0.0023681317
19204,1,0.92068464
19205,0,0.4621929
19212,0,0.07983985
19214,1,0.9283238
19220,0,0.10134671
19225,1,0.90412515
19228,1,0.5291833
19230,1,0.62050146
19231,0,0.41848922
19234,1,0.74113595
19243,0,0.10247139
19245,0,0.14134295
19246,0,0.08313175
19248,0,0.096699834
19251,1,0.682338
19257,0,0.011512587
19265,1,0.922062
19274,1,0.62203664
19281,1,0.62203664
19283,1,0.7693332
19289,0,0.06975855
19291,0,0.15686111
19294,1,0.5404845
19299,0,0.0044436306
19318,1,0.75073904
19322,1,0.9654862
19340,1,0.863008
19344,1,0.79888576
19361,0,0.10339355
19367,0,0.10339355
19368,0,0.10339355
19372,0,0.00401948
19376,0,0.00401948
19393,0,0.10339355
19408,0,0.00401948
19409,0,0.10339355
19416,0,0.10339355
19417,0,0.10339355
19422,0,0.10339355
19427,0,0.059742976
19431,0,0.10339355
19432,0,0.10339355
19443,0,0.10339355
19450,0,0.10339355
19451,0,0.00401948
19454,0,0.00401948
19460,0,0.0055204774
19469,0,0.00401948
19489,0,0.035894275
19501,0,0.0022964485
19514,1,0.9740252
19539,1,0.6780362
19544,1,0.8300222
19559,1,0.9206409
19562,0,0.4353813
19563,0,0.4621929
19570,1,0.85786116
19572,1,0.5150682
19576,0,0.41848922
19577,1,0.92071635
19578,1,0.75073904
19582,1,0.67047846
19590,1,0.8081897
19608,0,0.13127849
19614,0,0.20558158
19616,1,0.8300222
19623,0,0.05862315
19632,1,0.6624135
19633,1,0.7098546
19649,0,0.005213934
19655,0,0.3109396
19658,0,0.0022353812
19662,1,0.5985518
19667,0,0.4621929
19673,1,0.5985706
19674,1,0.62203664
19675,1,0.6429929
19681,1,0.65773493
19682,1,0.96749586
19691,1,0.734835
19707,1,0.8509089
19712,0,0.07632533
19716,1,0.88640237
19723,0,0.06839751
19727,0,0.23962834
19732,1,0.7878916
19742,0,0.44400695
19744,0,0.21377164
19758,0,0.28973046
19794,0,0.33061314
19817,0,0.059742976
19822,1,0.513293
19829,1,0.62050146
19834,1,0.98557043
19845,0,0.2943995
19868,1,0.9499578
19877,0,0.3495728
19900,0,0.30661932
19920,0,0.014419912
19921,0,0.100507006
19923,1,0.95455617
19930,0,0.100507006
19952,1,0.6765279
19966,0,0.4147593
19967,1,0.7098546
19968,0,0.21330158
19970,1,0.5985518
19982,1,0.82846
19984,1,0.87954366
19985,0,0.13632664
19989,1,0.8081897
20001,1,0.64668024
20006,0,0.36241072
20013,1,0.9422606
20021,1,0.9206409
20027,1,0.6765279
20031,1,0.62050146
20032,1,0.9959758
20035,1,0.5167523
20036,1,0.9654862
20038,1,0.79888576
20041,1,0.99455947
20044,1,0.9217335
20048,1,0.64668024
20049,1,0.8509089
20054,1,0.9601733
20058,1,0.9601733
20061,1,0.92068464
20063,1,0.734835
20075,1,0.8209191
20088,0,0.059505593
20091,0,0.31435594
20101,0,0.15232398
20102,1,0.6429929
20104,1,0.5275547
20115,1,0.85527253
20116,0,0.4629079
20125,0,0.08413091
20129,1,0.871315
20167,1,0.50148714
20169,1,0.62050146
20171,1,0.65665084
20179,1,0.5404845
20182,0,0.21999508
20188,0,0.4182516
20193,0,0.19306059
20196,1,0.64668024
20199,1,0.9232427
20200,1,0.9147773
20206,0,0.19607885
20211,0,0.011015144
20212,0,0.043223534
20223,0,0.025929198
20225,0,0.025929198
20226,0,0.03337554
20227,0,0.025929198
20241,0,0.107170865
20244,0,0.03337554
20247,0,0.108643115
20250,0,0.025929198
20255,0,0.025929198
20272,0,0.049507473
20273,0,0.011889406
20279,0,0.14653602
20299,0,0.043223534
20300,0,0.043223534
20310,0,0.043223534
20318,0,0.025929198
20319,0,0.035894275
20322,0,0.04844609
20323,0,0.035894275
20327,0,0.10339355
20331,0,0.025929198
20336,0,0.0770117
20340,0,0.025929198
20345,0,0.025929198
20357,0,0.035894275
20359,0,0.03337554
20361,0,0.04844609
20374,0,0.025929198
20375,1,0.63338965
20383,0,0.03337554
20389,0,0.025929198
20405,0,0.035894275
20408,0,0.15480937
20412,0,0.049507473
20414,0,0.043277528
20432,0,0.025929198
20433,0,0.025929198
20436,0,0.025929198
20449,0,0.108643115
20461,0,0.025929198
20464,0,0.04844609
20471,0,0.011889406
20486,0,0.043223534
20491,0,0.011889406
20496,0,0.04844609
20500,0,0.011889406
20502,0,0.03337554
20505,0,0.025929198
20506,0,0.011889406
20511,0,0.03337554
20512,0,0.03337554
20520,0,0.14653602
20533,0,0.03337554
20547,0,0.011889406
20550,0,0.03337554
20551,0,0.043223534
20553,0,0.04844609
20555,0,0.035894275
20562,0,0.025929198
20572,0,0.011889406
20574,0,0.04844609
20575,0,0.30275428
20581,0,0.15287846
20590,1,0.6545203
20596,0,0.48230764
20603,0,0.096699834
20617,0,0.012162216
20627,0,0.40596148
20629,0,0.20450243
20636,1,0.8120771
20643,0,0.17574927
20649,1,0.9700649
20663,1,0.734835
20671,1,0.76199996
20675,0,0.032192927
20677,1,0.6429929
20680,0,0.48230764
20689,1,0.9700649
20691,0,0.01718941
20714,0,0.34604254
20715,0,0.036751166
20725,0,0.20450243
20726,0,0.1378233
20735,0,0.100507006
20742,0,0.23666826
20745,0,0.12256581
20761,0,0.023420222
20762,0,0.17698142
20773,0,0.011015144
20775,1,0.97077966
20789,1,0.69316554
20790,0,0.44400695
20791,1,0.56444806
20795,1,0.6176861
20817,1,0.6719713
20819,0,0.033833068
20829,1,0.892918
20833,0,0.34555468
20839,1,0.7517171
20840,1,0.91438794
20844,1,0.75073904
20854,0,0.24335855
20856,1,0.71971184
20859,1,0.89172304
20865,1,0.7098546
20867,1,0.8509089
20868,1,0.9870006
20880,1,0.9206409
20881,1,0.9518232
20883,1,0.88523567
20887,1,0.7310094
20892,1,0.5104465
20899,1,0.7693332
20900,1,0.7052158
20903,1,0.6802976
20906,1,0.7098546
20912,1,0.8539713
20914,1,0.7693332
20917,1,0.5985518
20919,1,0.9654862
20936,0,0.4353813
20940,1,0.85786116
20943,1,0.9740252
20945,1,0.8519454
20949,1,0.95820886
20960,1,0.8209191
20963,1,0.64668024
20964,1,0.7098546
20966,1,0.96069837
20974,1,0.7693332
20985,0,0.024674164
20997,0,0.4660976
21007,0,0.37085232
21010,1,0.513293
21018,1,0.5104465
21020,0,0.15287846
21026,0,0.21377164
21029,1,0.7693332
21031,1,0.9899871
21033,1,0.9283238
21060,0,0.20596756
21076,0,0.0010560382
21085,0,0.0010560382
21089,0,0.0010560382
21097,0,0.0012308166
21103,0,0.0010560382
21104,0,0.0012308166
21111,0,0.0010560382
21112,0,0.0010560382
21113,0,0.0010560382
21117,0,0.0010560382
21128,1,0.9654862
21130,1,0.7693332
21137,1,0.71321505
21142,0,0.15686281
21149,1,0.88523567
21155,0,0.20450243
21165,0,0.20450243
21182,1,0.5404845
21184,0,0.41209227
21197,1,0.65773493
21204,0,0.20558158
21207,0,0.22958139
21208,1,0.6406904
21209,1,0.71472186
21216,0,0.21377164
21221,0,0.34048003
21231,1,0.9654862
21234,0,0.26256904
21242,1,0.9636798
21249,0,0.054577004
21255,0,0.12371121
21260,0,0.3704947
21262,0,0.05862315
21267,0,0.15287846
21278,1,0.6429929
21290,0,0.2613825
21299,1,0.6429929
21309,1,0.64668024
21310,1,0.96069837
21315,0,0.3109396
21316,1,0.75760955
21318,0,0.44400695
21323,1,0.9700649
21327,1,0.774727
21329,1,0.5404845
21330,0,0.005170019
21340,1,0.62050146
21341,1,0.62050146
21342,1,0.7098546
21346,0,0.15686281
21356,1,0.77484065
21365,1,0.8099619
21377,1,0.64668024
21378,1,0.9283238
21385,1,0.513293
21390,0,0.38953862
21407,1,0.9238048
21411,1,0.9238048
21422,0,0.337593
21445,0,0.47923526
21449,0,0.153388
21456,0,0.12621649
21465,0,0.2943995
21466,0,0.22958139
21473,1,0.9291944
21477,1,0.6429929
21485,1,0.79888576
21487,1,0.9780502
21489,1,0.69316554
21491,0,0.04495609
21498,1,0.892918
21507,1,0.9654862
21510,1,0.9654862
21522,0,0.003389321
21533,0,0.12371121
21535,0,0.20157176
21536,1,0.7801425
21538,0,0.001292042
21542,0,0.0055204774
21552,0,0.045179807
21555,0,0.0012137728
21573,1,0.6765279
21581,0,0.16152364
21595,1,0.69316554
21599,1,0.9232427
21606,0,0.0002559181
21608,1,0.64668024
21623,1,0.97932076
21629,1,0.9518232
21638,1,0.7693332
21642,1,0.80435234
21643,1,0.682338
21648,1,0.7693332
21651,1,0.7098546
21657,0,0.15287846
21659,0,0.289766
21664,1,0.80435234
21676,1,0.7032472
21689,1,0.5104465
21692,1,0.7098546
21697,1,0.7801425
21709,1,0.8081897
21723,0,0.20157176
21726,1,0.734835
21734,0,0.05862315
21744,1,0.86534977
21756,1,0.871315
21759,1,0.59554344
21772,1,0.61384255
21780,0,0.31435594
21782,1,0.65665084
21784,0,0.4123908
21796,0,0.24451159
21798,0,0.47923526
21800,0,0.17483063
21803,1,0.85786116
21808,0,0.0004832759
21812,0,0.014821737
21830,1,0.8139071
21833,0,0.20558158
21838,0,0.2943995
21839,0,0.0055204774
21854,1,0.85786116
21859,0,0.29653874
21887,1,0.65099984
21888,1,0.6765279
21892,1,0.734835
21895,1,0.79888576
21903,1,0.9217335
21914,1,0.64054275
21918,0,0.12371121
21925,0,0.032192927
21939,1,0.77484065
21943,1,0.6773128
21949,0,0.48230764
21952,1,0.8827215
21953,1,0.97371596
21957,0,0.4621929
21960,1,0.9654862
21990,0,0.19306059
21994,0,0.10247139
22014,0,0.39420086
22018,0,0.22805397
22020,1,0.892918
22021,1,0.6545203
22041,0,0.42250276
22052,1,0.75405425
22064,0,0.13632664
22067,1,0.7310094
22071,0,0.1979039
22078,1,0.9384514
22079,1,0.6765279
22081,1,0.62050146
22083,1,0.6765279
22086,0,0.12621649
22093,1,0.9217335
22104,0,0.28614682
22109,1,0.9206409
22123,1,0.65773493
22126,1,0.7800196
22134,1,0.5985518
22144,0,0.15686281
22147,0,0.41060156
22149,0,0.35573575
22158,1,0.5404845
22163,1,0.91438794
22172,1,0.80435234
22178,1,0.9654862
22186,0,0.00019748871
22191,1,0.6410418
22196,1,0.50148714
22198,0,0.48230764
22208,1,0.9518232
22209,1,0.7106659
22215,0,0.31435594
22227,1,0.7310094
22232,1,0.8539713
22241,1,0.62050146
22244,1,0.63004625
22249,1,0.892918
22252,0,0.47450408
22254,0,0.011015144
22259,0,0.34555468
22260,1,0.9846474
22265,0,0.15686111
22272,1,0.65773493
22275,1,0.70988405
22276,0,0.0060934024
22283,1,0.6765279
22286,1,0.7803099
22288,1,0.9217335
22290,1,0.7098546
22299,0,0.066417545
22302,0,0.19886108
22308,1,0.65773493
22322,1,0.95455617
22323,1,0.6765279
22325,1,0.7693332
22348,0,0.057423037
22351,0,0.007971043
22362,1,0.8209191
22371,0,0.17698142
22375,0,0.09878095
22380,0,0.0055204774
22382,1,0.6429929
22384,0,0.25881273
22389,0,0.19939286
22396,0,0.008180436
22398,0,0.10134671
22400,0,0.31435594
22405,0,0.19886108
22412,0,0.28899437
22413,0,0.13632664
22418,0,0.0051725404
22424,0,0.12256581
22446,1,0.5404845
22458,1,0.9487206
22460,1,0.6765279
22486,1,0.9959758
22496,1,0.9647964
22499,1,0.75073904
22506,0,0.33944726
22510,1,0.65773493
22516,0,0.19939286
22527,0,0.14439796
22531,1,0.5404845
22535,0,0.231305
22538,0,0.24451159
22547,0,0.19360135
22555,0,0.14191861
22558,0,0.20450243
22559,0,0.15686281
22571,0,0.38911596
22573,0,6.202807e-05
22574,0,0.3109396
22576,0,0.027003255
22579,0,6.202807e-05
22587,0,0.20281886
22599,0,0.13632664
22611,0,0.19939286
22619,0,0.0017179936
22626,1,0.6545203
22635,0,0.19886108
22641,0,0.12371121
22642,1,0.9034967
22645,0,0.15686111
22649,0,0.153388
22666,0,0.0054907613
22684,1,0.7098546
22687,1,0.6429929
22700,1,0.5404845
22701,0,0.04239572
22702,1,0.8300222
22703,0,0.010079947
22704,1,0.60004455
22712,1,0.71971184
22721,0,0.13307425
22723,1,0.921928
22751,1,0.59554344
22752,0,0.032195587
22753,0,0.100507006
22755,1,0.75073904
22756,0,0.2223128
22758,1,0.61384255
22769,0,0.030001678
22796,1,0.993859
22798,1,0.9740252
22802,1,0.921928
22811,0,0.014419912
22821,1,0.65773493
22830,0,0.4064463
22838,0,0.14825708
22839,0,0.42710462
22840,1,0.9964281
22841,1,0.5104465
22842,0,0.00029332977
22845,1,0.6406904
22850,1,0.6429929
22851,0,0.40596148
22861,1,0.68617177
22862,1,0.6429929
22863,1,0.8827215
22865,1,0.892918
22867,1,0.7693332
22877,1,0.5104465
22883,1,0.8278533
22887,1,0.82513577
22893,1,0.892918
22899,0,0.19939286
22904,0,0.19939286
22929,1,0.9578274
22931,0,0.14912878
22932,1,0.76199996
22956,1,0.73989356
22958,0,0.153388
22959,1,0.64668024
22960,0,0.17361437
22966,0,0.153388
22979,1,0.8509089
22983,0,0.48230764
22985,0,0.34555468
22991,1,0.95455617
22993,0,0.1394549
23002,0,0.2484678
23021,1,0.9232427
23023,1,0.62050146
23051,1,0.5404845
23053,1,0.92374134
23056,1,0.7693332
23059,1,0.8761639
23075,0,0.19939286
23076,1,0.9206409
23081,0,0.05063176
23084,0,0.04844609
23087,0,0.44400695
23097,0,0.100507006
23109,1,0.513293
23136,0,0.050625846
23138,1,0.933888
23141,1,0.7098546
23145,1,0.95820886
23155,0,0.34555468
23156,0,0.032192927
23163,1,0.9700649
23170,1,0.9518232
23183,0,0.20591027
23194,1,0.9654862
23195,1,0.513293
23197,1,0.62050146
23200,1,0.71321505
23203,1,0.5150682
23204,1,0.95455617
23211,0,0.0031275814
23212,1,0.6429929
23214,0,0.06342056
23216,0,0.48230764
23223,1,0.9247653
23225,1,0.93526375
23226,1,0.6765279
23230,1,0.92068464
23233,0,0.44917688
23234,0,0.4353813
23235,0,0.013236616
23245,1,0.9654862
23270,1,0.50148714
23276,0,0.20591027
23280,0,0.48230764
23286,1,0.76199996
23288,0,0.40596148
23311,1,0.9956131
23322,1,0.7310094
23323,1,0.95455617
23327,1,0.67047846
23330,1,0.71321505
23336,1,0.7098546
23341,1,0.9458663
23363,1,0.9245969
23372,1,0.9883243
23373,0,0.15686111
23394,0,0.20157176
23398,1,0.65773493
23417,0,0.14912878
23418,1,0.7952767
23431,1,0.71321505
23449,1,0.83676857
23457,0,0.48593068
23478,0,0.011512587
23491,1,0.8539713
23497,1,0.8130394
23499,1,0.8827215
23504,0,0.12157572
23514,1,0.892918
23520,1,0.5635537
23524,1,0.9909786
23534,1,0.6429929
23539,0,0.15686111
23542,0,0.340224
23562,1,0.7310094
23566,1,0.8300222
23567,0,0.46897298
23569,1,0.9748291
23572,1,0.8120771
23582,1,0.6604901
23585,1,0.774727
23588,1,0.7098546
23605,1,0.6429929
23610,1,0.75073904
23624,1,0.8216282
23625,1,0.9217335
23629,1,0.79888576
23632,1,0.64668024
23636,1,0.75073904
23639,0,0.10339355
23648,1,0.8081897
23650,1,0.9499578
23653,1,0.513293
23659,1,0.6765279
23661,1,0.7693332
23662,1,0.7693332
23672,1,0.85786116
23681,1,0.68761206
23682,1,0.8827215
23686,1,0.7098546
23687,1,0.59938616
23691,1,0.5404845
23695,1,0.9499578
23697,1,0.64668024
23703,1,0.6765279
23707,1,0.7098546
23714,0,0.08671364
23718,0,0.100507006
23735,0,0.018168548
23736,0,0.44917688
23746,0,0.27239576
23778,0,0.35721076
23787,1,0.7693332
23789,1,0.9283238
23792,0,0.48230764
23796,1,0.64054275
23797,1,0.8539713
23802,1,0.5404845
23807,1,0.5404845
23810,0,0.47690922
23818,1,0.83081174
23828,1,0.75760955
23831,0,0.014704063
23840,0,0.22392659
23844,0,0.17574927
23847,1,0.60004455
23848,0,0.015249645
23850,0,0.014821737
23854,0,0.0055204774
23856,0,0.032192927
23861,1,0.5104465
23880,0,0.48230764
23888,0,0.4621929
23896,1,0.513293
23908,1,0.9700649
23911,0,0.09263977
23917,0,0.08845769
23923,1,0.5644187
23945,1,0.6429929
23948,1,0.64668024
23950,1,0.92068464
23955,1,0.513293
23958,1,0.9959758
23967,0,0.31941247
23969,1,0.5404845
23973,1,0.9158121
23988,1,0.62050146
23991,1,0.6765279
24010,0,0.15686281
24020,0,0.22958139
24030,0,0.21377164
24032,1,0.76044685
24036,1,0.6765279
24045,0,0.15686281
24047,0,0.100507006
24051,0,0.3273658
24057,1,0.9740252
24062,1,0.65665084
24064,0,0.3535359
24065,0,0.15686281
24078,0,0.2943995
24092,1,0.9247653
24109,1,0.9700649
24110,1,0.59554344
24149,1,0.96069837
24158,1,0.9422606
24166,0,0.32469007
24167,0,0.09226083
24181,1,0.9232427
24187,0,0.34555468
24197,1,0.8130394
24206,0,0.025929198
24218,0,0.33292124
24233,1,0.75073904
24247,1,0.64668024
24252,1,0.95820886
24253,1,0.6765279
24254,1,0.91438794
24265,1,0.64668024
24267,1,0.97350544
24268,1,0.5404845
24279,1,0.76199996
24283,0,0.014419912
24297,1,0.6765279
24305,0,0.337593
24322,1,0.8915731
24326,1,0.5985518
24329,0,0.043436445
24337,1,0.6765279
24342,1,0.7800196
24343,1,0.892918
24356,1,0.80435234
24366,0,0.17698142
24389,1,0.8827215
24400,0,0.03670365
24403,0,0.04567591
24405,1,0.8081897
24421,1,0.9422606
24435,1,0.6020076
24440,1,0.5404845
24459,1,0.9206409
24464,1,0.871315
24472,0,0.00029332977
24474,0,0.13632664
24476,1,0.6545203
24494,1,0.9654862
24497,1,0.9518232
24504,1,0.9654862
24507,0,0.09816595
24518,0,0.0012716885
24519,1,0.80435234
24528,1,0.5988942
24541,1,0.7052158
24542,1,0.6429929
24547,0,0.19939286
24556,0,0.34048003
24559,1,0.89903384
24565,1,0.9700649
24569,0,0.19306059
24573,1,0.5854519
24581,0,0.1394549
24594,0,0.28053746
24602,1,0.65773493
24605,1,0.734835
24616,0,0.066957735
24624,1,0.65665084
24629,1,0.6429929
24631,1,0.513293
24654,0,0.15559024
24663,0,0.19939286
24668,1,0.7693332
24675,1,0.9504373
24681,1,0.8460739
24685,1,0.7310094
24699,1,0.74953926
24706,1,0.957275
24715,1,0.871315
24722,1,0.9755264
24727,0,0.21377164
24733,0,0.38911596
24739,1,0.62050146
24743,1,0.8697605
24744,0,0.4064463
24748,1,0.513293
24752,1,0.96089715
24754,1,0.8539713
24762,1,0.94825727
24780,1,0.8929598
24781,0,0.20422424
24786,0,0.15232398
24792,0,0.4636171
24794,1,0.5150682
24813,0,0.38911596
24817,0,0.0013766572
24818,0,0.22140892
24822,0,0.153388
24825,0,0.3704947
24838,0,0.33292124
24839,1,0.77484065
24842,1,0.88523567
24853,0,0.0061759157
24865,0,0.2943995
24873,1,0.7689808
24879,1,0.7814087
24887,0,0.001292042
24894,0,0.007406473
24897,0,0.12621649
24898,0,0.032192927
24904,0,0.35512397
24941,1,0.6429929
24944,0,0.1268933
24950,0,0.008180436
24951,0,0.00029793175
24955,0,0.10794802
24969,0,0.13307425
24975,1,0.7693332
24981,1,0.8540286
24986,1,0.7098546
24991,1,0.65665084
24995,1,0.5043419
25006,1,0.7098546
25018,0,0.21377164
25021,0,0.34555468
25024,0,0.07432521
25027,1,0.7402485
25042,0,0.15287846
25048,1,0.51735663
25060,0,0.22392659
25074,0,0.059505593
25080,0,0.011015144
25097,1,0.71321505
25101,1,0.8827215
25104,1,0.8081897
25112,1,0.9206409
25117,1,0.85024214
25126,0,0.15232398
25129,1,0.7098546
25130,1,0.9247653
25141,1,0.513293
25143,0,0.09226083
25146,0,0.001292042
25151,1,0.7693332
25152,1,0.5985518
25159,1,0.7098546
25160,1,0.74113595
25161,0,0.26827112
25170,0,0.4621929
25177,0,0.10247139
25191,0,0.22958139
25194,0,0.15287846
25213,1,0.95455617
25214,0,0.34048003
25223,1,0.5404845
25226,0,0.22223116
25227,1,0.9422606
25234,1,0.7693332
25244,1,0.5985518
25245,1,0.513293
25261,1,0.50148714
25262,1,0.9206409
25267,1,0.9601733
25276,0,0.44917688
25278,1,0.64668024
25287,0,0.48230764
25301,1,0.97077966
25302,1,0.8827215
25303,1,0.71321505
25312,1,0.61384255
25320,1,0.95857775
25325,0,0.00018722654
25330,0,0.100507006
25332,0,0.13307425
25334,0,0.00023120646
25338,0,0.00023120646
25346,0,0.00012937126
25359,1,0.85897607
25361,1,0.9518232
25364,1,0.9973687
25385,0,0.27552414
25425,1,0.73989356
25429,1,0.7713291
25431,1,0.6058355
25451,1,0.9217335
25454,1,0.7052158
25468,1,0.5404845
25472,1,0.5104465
25476,1,0.9755264
25483,1,0.6746016
25490,0,0.15287846
25497,0,0.0086155925
25498,1,0.64668024
25501,1,0.7693332
25519,0,0.48230764
25520,0,0.0054907613
25526,0,0.17574927
25540,1,0.5985518
25551,0,0.09837837
25557,0,0.2613825
25562,0,0.005171353
25589,0,0.15287846
25591,0,0.15287846
25601,0,0.4353813
25626,1,0.734835
25647,0,0.28440446
25650,0,0.49014077
25652,1,0.892918
25653,0,0.14912878
25656,0,0.0023821648
25661,1,0.64668024
25670,1,0.5104465
25682,1,0.74113595
25692,1,0.9518232
25696,1,0.734835
25699,0,0.19939286
25709,0,0.36980313
25710,1,0.8375715
25718,1,0.6765279
25720,0,0.44400695
25726,1,0.863008
25735,0,0.22223116
25757,1,0.7310094
25776,0,0.007971043
25790,1,0.5404845
25795,1,0.75073904
25810,1,0.6429929
25811,0,0.14896332
25816,0,0.43361562
25837,0,0.30499437
25838,0,0.010563144
25845,1,0.933888
25851,0,0.20157176
25858,0,0.4353813
25859,0,0.10794802
25862,0,0.07454737
25865,0,0.008196961
25874,1,0.89877135
25880,1,0.8655654
25886,1,0.9247653
25889,1,0.7052158
25903,0,0.0010652483
25923,1,0.8081897
25934,1,0.9283238
25936,0,0.15232398
25949,0,0.19607885
25956,1,0.54078835
25960,1,0.5104465
25961,1,0.65665084
25963,0,0.1303274
25969,0,0.0001944954
25979,0,0.1394549
25983,1,0.5985518
25985,1,0.9247653
25994,1,0.5317522
25998,1,0.5918129
26006,0,0.23666826
26010,1,0.79888576
26011,0,0.1303274
26032,1,0.53985786
26034,1,0.9700649
26043,1,0.88523567
26049,1,0.95455617
26054,1,0.7310094
26058,1,0.88297725
26065,1,0.5184938
26068,1,0.50148714
26070,1,0.9128622
26071,0,0.46078143
26082,1,0.96249646
26088,1,0.871315
26097,0,0.23020203
26110,1,0.7693332
26125,0,0.2223128
26129,1,0.8827215
26134,1,0.9283238
26135,0,0.34555468
26138,1,0.95820886
26145,0,0.15686281
26148,0,0.22392659
26149,1,0.61384255
26150,0,0.014419912
26151,0,0.153388
26170,1,0.74113595
26172,1,0.9654862
26174,0,0.39420086
26175,0,0.1657079
26178,1,0.6765279
26200,1,0.99481803
26206,1,0.92374134
26210,0,0.0030475613
26220,0,0.0047711018
26235,1,0.9499578
26236,1,0.83081174
26243,0,0.08413091
26244,1,0.65665084
26266,1,0.9283238
26272,1,0.96249646
26277,1,0.9578274
26281,1,0.9283238
26282,1,0.54078835
26285,1,0.65773493
26293,1,0.6340029
26304,0,0.22055198
26311,1,0.7098546
26313,0,0.21377164
26318,1,0.93046445
26323,0,0.0009359407
26331,1,0.6765279
26335,1,0.6765279
26354,0,0.3704947
26357,1,0.7801425
26366,1,0.5104465
26392,0,0.09819289
26396,1,0.7710594
26423,0,0.41209227
26427,0,0.06960963
26431,0,0.17698142
26433,1,0.9499578
26437,1,0.9499578
26438,1,0.9499578
26446,0,0.10247139
26455,0,0.0020406244
26463,0,0.13307425
26467,1,0.9654862
26488,1,0.9518232
26489,0,0.4064463
26493,1,0.68707323
26499,0,0.23962834
26500,0,0.4353813
26504,0,0.04702491
26528,0,0.04702491
26530,0,0.113971666
26550,0,0.12371121
26554,0,0.10134671
26560,0,0.19939286
26561,0,0.1774931
26566,0,0.12256581
26568,0,0.049267065
26575,0,0.38911596
26577,0,0.011223516
26588,0,0.15287846
26594,1,0.6624135
26598,0,6.202807e-05
26622,0,0.20450243
26632,0,0.12621649
26644,0,0.17974934
26652,0,0.15686111
26674,0,0.15287846
26684,0,0.13307425
26700,0,0.025058215
26705,0,0.10134671
26708,0,0.23666826
26729,0,0.16152364
26748,0,0.4064463
26763,0,0.015345781
26775,0,0.3730038
26776,1,0.86077935
26778,0,0.08621645
26782,0,0.20558158
26788,0,0.22958139
26794,1,0.65773493
26802,1,0.5496624
26806,1,0.7878916
26813,0,0.41764522
26814,0,0.20157176
26823,0,0.22392659
26825,0,0.14825708
26826,1,0.8673003
26828,0,0.38045526
26837,0,0.100507006
26840,0,0.015345781
26848,0,0.19886108
26856,0,0.10247139
26867,0,0.153388
26873,0,0.21377164
26875,0,0.28899437
26876,0,0.22392659
26877,0,0.17698142
26888,0,0.15686281
26892,0,0.12371121
26898,0,0.153388
26908,1,0.6725848
26910,0,0.29653874
26918,0,0.44917688
26929,0,0.10247139
26930,0,0.12807982
26931,0,0.28614682
26943,0,0.0055204774
26944,1,0.85527253
26947,0,0.2943995
26956,0,0.14825708
26972,0,0.15686281
26984,0,0.15686281
26992,1,0.85527253
27005,0,0.100507006
27013,0,0.10247139
27018,1,0.65773493
27022,0,0.052843962
27024,0,0.044784818
27026,0,0.10134671
27029,0,0.032192927
27032,0,0.38045526
27036,0,0.20450243
27051,0,0.20450243
27074,0,0.10247139
27078,0,0.2223128
27083,1,0.74533945
27084,0,0.10247139
27085,0,0.24451159
27094,1,0.6545203
27096,0,0.100507006
27100,1,0.50128746
27104,0,0.013806521
27106,1,0.65773493
27114,0,0.2426465
27117,0,0.10247139
27122,1,0.61157554
27134,0,0.4621929
27139,1,0.71472186
27144,1,0.5988942
27146,0,0.056089185
27157,0,0.23666826
27162,0,0.28614682
27163,0,0.15287846
27168,0,0.10247139
27173,0,0.153388
27183,0,0.39420086
27185,1,0.61384255
27186,0,0.20450243
27197,0,0.100507006
27201,1,0.86585426
27210,1,0.7052158
27222,1,0.8191733
27232,0,0.15287846
27241,0,0.1394549
27261,0,0.4182516
27269,0,0.10247139
27271,0,0.15232398
27272,0,0.1394549
27280,0,0.10134671
27304,1,0.5150682
27305,0,0.20450243
27309,0,0.14516024
27310,0,0.40596148
27314,0,9.3081384e-05
27320,1,0.5985518
27325,0,0.20825118
27334,0,0.24451159
27337,0,0.23666826
27339,0,0.17698142
27353,0,0.10134671
27355,0,0.12371121
27361,0,0.19886108
27368,0,0.11581525
27373,0,0.46078143
27377,1,0.75760955
27379,0,0.07782943
27384,0,0.4621929
27386,0,0.15686281
27390,0,0.16543685
27393,0,0.17698142
27406,0,0.15287846
27418,0,0.20558158
27427,0,0.15232398
27434,0,0.12371121
27442,1,0.7052158
27456,1,0.98994374
27464,0,0.4123908
27469,1,0.9883243
27474,1,0.6816195
27481,1,0.6725848
27493,0,0.12371121
27494,1,0.7801425
27497,0,0.23666826
27499,0,0.22392659
27502,1,0.6624135
27515,1,0.6545203
27531,0,0.38045526
27547,0,0.15232398
27557,1,0.7052158
27559,0,0.22392659
27561,0,0.00015722444
27565,0,0.17574927
27569,0,0.153388
27572,0,0.14825708
27578,1,0.8282299
27592,0,0.10247139
27596,0,0.16543685
27601,0,0.153388
27619,0,0.10134671
27625,0,0.48593068
27627,0,0.19886108
27637,0,0.41848922
27639,0,0.2943995
27640,0,9.059603e-05
27645,0,0.19939286
27646,0,0.15686281
27652,0,0.10247139
27665,0,0.0253202
27670,1,0.65773493
27681,0,0.015345781
27691,0,0.10247139
27693,0,0.15686111
27706,1,0.74533945
27707,1,0.90412515
27713,1,0.5988942
27721,1,0.86585426
27730,1,0.5167523
27733,0,0.09054373
27741,1,0.65665084
27742,0,0.1303274
27746,0,0.10134671
27765,0,0.22392659
27770,1,0.65773493
27784,0,0.007971043
27788,0,0.17574927
27789,0,0.14516024
27794,0,0.00023082254
27801,0,0.0055204774
27807,0,0.2470866
27824,0,0.153388
27834,0,0.41209227
27842,0,0.19939286
27848,0,0.19939286
27855,0,0.22392659
27866,0,0.22392659
27871,0,0.4147593
27886,0,0.22392659
27888,0,0.15287846
27894,0,0.067167625
27908,0,0.47450408
27913,1,0.9078705
27920,0,0.4629079
27921,0,0.22392659
27923,0,0.19939286
27924,1,0.8519454
27927,0,0.21377164
27928,0,0.23666826
27929,0,0.054781605
27937,1,0.7710594
27965,0,0.10247139
27966,0,0.10247139
27970,0,0.100507006
27972,0,0.38045526
27974,1,0.65665084
27976,0,0.02460621
27983,0,0.00019062914
27991,0,0.20157176
27997,1,0.774727
28019,1,0.82846
28028,0,0.2943995
28030,0,0.15686111
28031,0,0.28053746
28034,0,0.1303274
28052,0,0.10247139
28054,0,0.22392659
28056,0,0.100507006
28058,0,0.33944726
28059,0,0.014419912
28061,0,0.42710462
28064,0,0.19939286
28069,0,0.09226083
28076,0,0.45160198
28079,1,0.8901174
28086,1,0.68707323
28100,0,0.45160198
28102,1,0.5310115
28103,0,0.10247139
28118,0,0.10247139
28119,0,0.27239576
28120,0,0.19886108
28126,0,0.3273658
28147,0,0.13307425
28148,0,0.3109396
28155,0,0.4621929
28165,0,0.07098499
28176,1,0.6176861
28180,0,0.08635212
28181,0,0.100507006
28195,0,0.44428894
28211,0,0.22392659
28216,1,0.90412515
28219,0,0.12371121
28221,0,0.0053759227
28223,0,0.19939286
28224,0,0.17574927
28229,0,0.09459537
28230,1,0.65773493
28232,0,0.019684164
28240,0,0.19360135
28243,0,0.23666826
28245,0,0.15686111
28246,1,0.5275547
28255,0,0.12733066
28265,1,0.75760955
28266,0,0.20450243
28280,0,0.17698142
28321,1,0.82846
28329,0,0.07954466
28330,0,0.28614682
28340,1,0.7052158
28347,1,0.50453264
28348,1,0.68707323
28354,1,0.61384255
28357,0,0.032192927
28364,0,0.032192927
28378,1,0.75760955
28389,0,0.4146535
28391,0,0.15686111
28405,0,0.44400695
28406,0,0.20157176
28417,0,0.21377164
28429,0,0.14825708
28432,0,0.10134671
28433,0,0.20157176
28461,0,0.10247139
28463,0,0.10247139
28468,0,0.4182516
28470,1,0.50128746
28480,0,0.07415974
28483,0,0.10247139
28485,1,0.61384255
28496,0,0.2943995
28507,0,0.10134671
28508,0,0.16152364
28511,0,0.0015087583
28513,0,0.15287846
28518,0,0.1303274
28519,0,0.10339355
28520,0,0.10247139
28524,0,0.3109396
28527,1,0.569954
28543,1,0.7801425
28544,0,0.26827112
28548,0,0.19526413
28555,1,0.85527253
28558,0,0.06839751
28560,1,0.7052158
28565,1,0.65665084
28566,0,0.20157176
28574,0,0.12371121
28583,0,0.19939286
28584,0,0.3109396
28592,0,0.30661932
28600,1,0.7801425
28603,1,0.8785211
28608,0,0.07954466
28612,0,0.100507006
28622,0,0.10134671
28623,0,0.10247139
28628,0,0.17698142
28630,0,0.10247139
28632,0,0.46897298
28635,1,0.88640237
28643,0,0.10247139
28644,0,0.13632664
28649,0,0.19939286
28656,1,0.61384255
28661,0,0.09226083
28668,1,0.65665084
28673,0,0.12371121
28684,0,0.153388
28685,1,0.6725848
28690,1,0.82846
28692,0,0.2943995
28695,1,0.61384255
28697,0,0.13632664
28701,1,0.6773128
28702,0,0.20450243
28710,0,0.121489964
28713,0,0.20450243
28718,0,0.23666826
28720,1,0.5918129
28725,0,0.19886108
28736,1,0.774727
28747,0,0.13632664
28748,0,0.15287846
28754,1,0.774727
28755,0,0.31435594
28769,0,0.4182516
28770,0,0.2943995
28785,0,0.016503833
28791,0,0.009546383
28794,0,0.22958139
28795,0,0.153388
28797,0,0.14825708
28807,0,0.19939286
28810,1,0.6545203
28812,0,0.15287846
28819,0,0.31435594
28825,1,0.75760955
28826,0,0.47625333
28842,0,0.44400695
28845,0,0.21330158
28863,0,0.032192927
28881,0,0.34555468
28890,1,0.8519454
28893,0,0.09784955
28894,0,0.12256581
28899,0,0.12371121
28902,0,0.42710462
28904,0,0.41848922
28915,0,0.35716093
28917,0,0.10247139
28928,0,0.3273658
28942,0,0.2223128
28955,0,0.17698142
28962,1,0.6773128
28989,0,0.20157176
28991,0,0.10247139
28993,0,0.17698142
29004,1,0.61384255
29014,0,0.46487504
29018,0,0.032192927
29025,1,0.7052158
29039,0,0.10134671
29046,0,0.3109396
29050,1,0.50128746
29064,0,0.3273658
29082,0,0.06855384
29091,1,0.6545203
29099,0,0.3273658
29104,0,0.153388
29105,1,0.5985518
29106,0,0.45160198
29111,0,0.45160198
29115,0,0.102770865
29146,1,0.9654862
29148,1,0.682338
29152,1,0.62050146
29170,0,0.2943995
29178,0,0.010180444
29179,1,0.63832486
29186,1,0.9700649
29187,1,0.88523567
29198,1,0.95857775
29203,0,0.10247139
29210,1,0.9654862
29227,1,0.513293
29235,1,0.9422606
29242,1,0.9641012
29247,1,0.9422606
29251,1,0.9422606
29255,1,0.9641012
29256,1,0.9641012
29279,1,0.9641012
29298,1,0.9641012
29301,1,0.9422606
29303,1,0.9422606
29304,1,0.9805195
29314,1,0.9641012
29315,1,0.9805195
29333,1,0.9641012
29335,1,0.9805195
29336,1,0.9422606
29340,1,0.9422606
29346,1,0.9641012
29365,1,0.9422606
29369,1,0.9422606
29370,1,0.9805195
29372,1,0.9641012
29377,1,0.9805195
29383,1,0.9805195
29388,1,0.9422606
29400,1,0.9805195
29404,1,0.9805195
29408,1,0.9641012
29410,1,0.9641012
29411,1,0.9805195
29413,1,0.9641012
29428,1,0.9805195
29429,1,0.9805195
29438,0,0.35734263
29449,0,0.17698142
29455,0,0.38045526
29457,1,0.6889098
29458,0,0.41060156
29469,1,0.7693332
29474,1,0.9956131
29478,1,0.871315
29481,0,0.48230764
29493,1,0.98621595
29509,0,0.24867673
29510,1,0.5496624
29511,0,0.15287846
29519,1,0.9654862
29528,1,0.9654862
29531,0,0.20591027
29533,1,0.513293
29535,0,0.48230764
29537,0,0.29653874
29540,0,0.48230764
29541,0,0.005355945
29549,0,0.23020203
29560,1,0.74953926
29577,1,0.7693332
29578,1,0.6765279
29579,1,0.95820886
29581,1,0.8539713
29583,1,0.9518232
29589,1,0.9654862
29590,1,0.9654862
29595,1,0.66061693
29596,1,0.9654862
29601,1,0.9654862
29606,1,0.75073904
29624,1,0.80435234
29638,1,0.95455617
29641,0,0.34555468
29643,1,0.513293
29644,1,0.95455617
29649,0,0.34555468
29669,1,0.892918
29671,1,0.64668024
29717,1,0.6889098
29723,1,0.933888
29732,1,0.9654862
29733,1,0.9518232
29741,1,0.74113595
29747,0,0.0006197273
29748,0,0.0027065882
29749,1,0.82513577
29751,0,0.0055204774
29754,0,0.013205127
29755,0,0.007971043
29765,1,0.99455947
29766,1,0.65665084
29769,1,0.93526375
29773,1,0.9283238
29774,1,0.97077966
29778,1,0.75760955
29783,0,0.34048003
29788,0,0.09878095
29794,1,0.8827215
29797,1,0.9283238
29812,1,0.73051435
29816,1,0.8209191
29832,1,0.6765279
29838,0,0.10894308
29848,1,0.513293
29849,0,0.48230764
29860,1,0.7310094
29861,1,0.9467799
29862,0,0.01673512
29869,0,0.19886108
29889,1,0.64668024
29891,0,0.3421883
29895,0,0.43361562
29906,0,0.0015801439
29907,0,0.004063907
29909,0,0.0038863167
29922,1,0.7273977
29924,0,0.35734263
29933,1,0.82513577
29943,1,0.7341085
29950,1,0.9740252
29951,1,0.9283238
29955,1,0.6429929
29963,1,0.9518232
29964,1,0.682338
29994,1,0.50702006
29995,0,0.38045526
29997,0,0.48230764
